,transDate,close,high,low,open,volume,event
0,05-01-2018,38.201,38.201,35.211,37.622,32205910.0,
1,08-01-2018,38.298,38.587,38.201,38.587,3321420.0,
2,09-01-2018,38.346,38.394,37.526,38.298,4537340.0,
3,10-01-2018,38.876,38.876,37.719,37.815,8726070.0,
4,11-01-2018,40.999,40.999,38.876,38.973,9874500.0,
5,12-01-2018,43.844,43.844,41.095,41.095,18714750.0,
6,15-01-2018,43.893,44.086,42.446,43.893,6559820.0,
7,16-01-2018,43.362,43.603,42.88,43.024,6271100.0,
8,17-01-2018,41.192,43.362,41.192,43.314,5794700.0,
9,18-01-2018,42.446,42.446,40.227,41.095,5371340.0,
10,19-01-2018,43.603,44.471,42.928,42.928,6728810.0,
11,22-01-2018,43.7,43.796,42.735,43.217,4402360.0,
12,25-01-2018,46.111,46.594,43.41,43.893,10284390.0,
13,26-01-2018,45.34,46.401,44.664,46.111,5637470.0,
14,29-01-2018,45.388,45.822,44.664,45.436,6592140.0,
15,30-01-2018,45.34,45.388,44.086,45.388,6121930.0,
16,31-01-2018,44.954,45.243,44.375,45.243,5581950.0,
17,01-02-2018,44.375,45.05,44.182,44.954,3428660.0,
18,02-02-2018,44.375,44.375,43.7,44.375,4567580.0,
19,05-02-2018,41.481,43.989,41.288,43.603,3353170.0,
20,06-02-2018,39.552,39.841,38.587,38.587,3906020.0,
21,07-02-2018,42.301,42.301,40.806,40.902,4238270.0,
22,08-02-2018,43.314,44.23,41.963,42.301,4667920.0,
23,09-02-2018,43.024,43.121,40.613,42.253,3454800.0,
24,12-02-2018,44.857,45.34,43.073,43.121,3436010.0,
25,13-02-2018,44.954,45.291,43.893,45.291,5066980.0,
26,21-02-2018,45.05,45.436,43.893,45.243,3263200.0,
27,22-02-2018,43.41,44.568,43.41,44.568,2243860.0,
28,23-02-2018,42.976,44.857,42.783,43.41,2175420.0,
29,26-02-2018,42.446,44.375,42.108,42.976,2378080.0,
30,27-02-2018,42.928,43.024,41.288,42.928,1579540.0,
31,28-02-2018,42.832,42.928,41.481,42.446,2241390.0,
32,01-03-2018,42.397,42.446,41.674,41.77,2739770.0,
33,02-03-2018,42.012,42.012,41.674,41.963,1808640.0,
34,05-03-2018,41.481,42.156,41.385,42.06,2578830.0,
35,06-03-2018,41.674,42.012,41.288,41.481,2479350.0,
36,07-03-2018,40.999,42.349,40.709,41.674,1357460.0,
37,08-03-2018,40.999,41.963,40.323,41.481,2182740.0,
38,09-03-2018,40.999,41.867,40.42,40.613,1018640.0,
39,12-03-2018,40.999,41.385,40.709,40.999,1427550.0,
40,13-03-2018,40.806,40.999,40.565,40.999,1687940.0,
41,14-03-2018,42.446,42.687,40.902,40.999,5974370.0,
42,15-03-2018,42.928,43.024,42.446,42.446,4347760.0,
43,16-03-2018,43.217,43.217,42.928,43.121,2863300.0,
44,19-03-2018,43.603,43.748,42.735,43.217,4333110.0,
45,20-03-2018,42.446,43.314,42.446,43.266,2666350.0,
46,21-03-2018,41.963,42.639,41.626,42.446,2119630.0,
47,22-03-2018,40.999,42.446,40.999,41.963,2881270.0,
48,23-03-2018,40.516,40.709,39.455,40.516,2122680.0,
49,26-03-2018,42.156,42.156,39.648,39.648,3490240.0,
50,27-03-2018,43.217,43.362,42.156,42.156,4513810.0,
51,28-03-2018,43.844,43.844,42.88,43.024,3904720.0,
52,29-03-2018,44.375,44.664,43.844,43.893,3603320.0,
53,30-03-2018,44.279,44.375,43.41,44.375,2358520.0,
54,02-04-2018,43.989,44.471,43.893,44.375,2317540.0,
55,03-04-2018,43.989,44.182,43.555,43.796,2115830.0,
56,04-04-2018,44.857,44.954,43.989,44.279,5350390.0,
57,05-04-2018,44.809,45.147,44.568,44.857,2804190.0,
58,06-04-2018,44.809,44.857,44.471,44.809,2975100.0,
59,09-04-2018,46.98,46.98,44.664,44.857,7770500.0,
60,10-04-2018,48.813,48.813,47.269,47.269,9215650.0,
61,11-04-2018,48.33,49.005,47.462,48.813,5630290.0,
62,12-04-2018,47.365,48.137,47.269,47.751,2705590.0,
63,13-04-2018,48.234,48.33,47.365,47.8,3033930.0,
64,16-04-2018,49.198,49.488,47.462,48.234,2836140.0,
65,17-04-2018,49.005,49.874,48.813,49.681,1678660.0,
66,18-04-2018,49.97,50.549,48.813,49.102,4624790.0,
67,19-04-2018,47.462,50.067,47.269,50.067,3452260.0,
68,20-04-2018,48.33,48.33,46.98,47.269,1802740.0,
69,23-04-2018,44.954,47.944,44.954,47.751,3902200.0,
70,24-04-2018,43.41,44.761,41.819,44.375,3013200.0,
71,26-04-2018,40.709,43.893,40.42,43.41,3073110.0,
72,27-04-2018,41.288,41.529,40.323,40.516,1706640.0,
73,02-05-2018,40.516,41.385,39.552,41.385,1017430.0,
74,03-05-2018,41.963,41.963,39.6,40.034,2085150.0,
75,04-05-2018,41.481,42.446,41.288,42.446,646170.0,
76,07-05-2018,41.963,42.446,40.999,41.963,1601930.0,
77,08-05-2018,41.674,41.963,41.385,41.963,1157790.0,
78,09-05-2018,41.385,41.577,40.516,41.481,525060.0,
79,10-05-2018,38.587,41.385,38.587,41.385,961790.0,
80,11-05-2018,39.938,39.938,37.719,38.587,819170.0,
81,14-05-2018,39.069,40.516,38.876,40.034,550760.0,
82,15-05-2018,39.455,39.841,38.925,39.455,1347990.0,
83,16-05-2018,38.732,39.455,38.394,39.455,999600.0,
84,17-05-2018,39.069,39.359,38.78,39.069,701400.0,
85,18-05-2018,39.118,39.986,38.78,39.455,1552940.0,
86,21-05-2018,39.648,39.841,39.069,39.552,1746750.0,
87,22-05-2018,37.622,39.166,36.899,38.78,1406120.0,
88,23-05-2018,36.368,37.912,35.5,37.622,959240.0,
89,24-05-2018,34.246,36.947,33.86,36.658,2368050.0,
90,25-05-2018,34.005,34.439,33.088,34.246,2692400.0,
91,28-05-2018,31.641,33.764,31.641,33.764,2696050.0,
92,29-05-2018,33.812,33.812,32.268,32.799,3943980.0,
93,30-05-2018,35.404,36.079,33.667,34.728,4462960.0,
94,31-05-2018,37.622,37.719,34.921,34.921,1875240.0,
95,01-06-2018,39.745,40.179,37.429,38.105,2692760.0,
96,04-06-2018,41.481,41.481,39.166,39.648,2343110.0,
97,05-06-2018,41.674,42.446,41.192,41.481,2204580.0,
98,06-06-2018,41.674,41.963,41.288,41.674,1099960.0,
99,07-06-2018,43.024,43.217,41.385,41.577,1512020.0,
100,08-06-2018,41.867,43.073,41.674,42.928,863640.0,
101,11-06-2018,40.42,41.288,40.42,40.999,1676050.0,
102,12-06-2018,39.455,40.034,37.622,40.034,2322470.0,
103,13-06-2018,39.552,40.516,39.455,39.455,377960.0,
104,14-06-2018,37.815,40.034,37.815,40.034,348610.0,
105,15-06-2018,37.719,38.201,36.851,37.815,1092080.0,
106,18-06-2018,35.5,38.105,35.114,37.14,1403380.0,
107,19-06-2018,35.5,36.079,33.378,33.378,3075220.0,
108,20-06-2018,36.3,36.9,33.1,33.1,932640.0,DIVIDEND
109,21-06-2018,36.5,36.8,36.0,36.5,406740.0,
110,22-06-2018,37.4,37.4,36.0,36.5,1144370.0,
111,25-06-2018,37.3,37.75,37.2,37.7,299190.0,
112,26-06-2018,36.8,36.85,36.0,36.0,427490.0,
113,27-06-2018,36.2,37.4,36.2,36.8,336910.0,
114,28-06-2018,34.6,36.1,34.5,35.9,757470.0,
115,29-06-2018,36.15,36.15,34.8,35.3,1234320.0,
116,02-07-2018,36.2,36.4,34.9,36.15,862020.0,
117,03-07-2018,34.7,36.5,34.4,36.3,2350580.0,
118,04-07-2018,34.3,34.9,33.6,34.0,1296750.0,
119,05-07-2018,32.8,34.9,32.5,34.7,1595010.0,
120,06-07-2018,35.0,35.0,31.6,32.8,3135130.0,
121,09-07-2018,35.2,35.6,34.9,35.1,1255590.0,
122,10-07-2018,35.1,36.05,34.9,35.0,598240.0,
123,11-07-2018,32.8,34.6,32.65,34.5,1553920.0,
124,12-07-2018,33.0,33.5,32.5,32.8,1495050.0,
125,13-07-2018,33.45,33.6,32.95,33.0,1692220.0,
126,16-07-2018,33.55,33.75,33.25,33.6,1286340.0,
127,17-07-2018,33.55,33.55,32.8,33.55,1614890.0,
128,18-07-2018,35.25,35.55,33.65,33.65,2167560.0,
129,19-07-2018,35.1,36.1,35.1,35.3,1856420.0,
130,20-07-2018,35.4,35.4,34.0,35.0,1708540.0,
131,23-07-2018,35.2,35.55,34.8,35.0,1336380.0,
132,24-07-2018,34.0,35.15,34.0,35.0,1170400.0,
133,25-07-2018,33.5,34.55,33.3,34.0,951530.0,
134,26-07-2018,32.8,33.55,32.5,33.5,1232550.0,
135,27-07-2018,33.4,33.6,33.0,33.6,804460.0,
136,30-07-2018,35.2,35.2,34.1,34.3,846700.0,
137,31-07-2018,35.6,35.85,34.4,35.2,1501400.0,
138,01-08-2018,35.75,36.1,35.6,35.7,2113740.0,
139,02-08-2018,35.2,35.75,34.8,35.75,1148030.0,
140,03-08-2018,35.85,36.0,35.1,35.25,2661080.0,
141,06-08-2018,35.85,36.0,35.5,35.85,1511810.0,
142,07-08-2018,36.2,36.7,35.7,35.85,2250840.0,
143,08-08-2018,36.5,36.7,36.0,36.25,1205980.0,
144,09-08-2018,36.4,37.0,36.4,36.6,1752060.0,
145,10-08-2018,37.1,37.1,36.2,36.4,2193310.0,
146,13-08-2018,37.4,37.4,36.8,37.1,1514640.0,
147,14-08-2018,37.4,37.5,36.4,37.15,1311490.0,
148,15-08-2018,36.5,37.8,36.3,37.4,1012930.0,
149,16-08-2018,36.65,37.0,35.7,36.0,1176710.0,
150,17-08-2018,35.9,36.9,35.9,36.7,937170.0,
151,20-08-2018,35.0,35.95,34.55,35.9,1385060.0,
152,21-08-2018,35.5,35.5,34.9,35.0,1140970.0,
153,22-08-2018,36.0,36.2,35.5,35.55,1105020.0,
154,23-08-2018,35.9,36.2,35.8,36.0,1091800.0,
155,24-08-2018,36.0,36.05,35.7,35.9,1640170.0,
156,27-08-2018,36.0,36.15,35.9,36.05,904340.0,
157,28-08-2018,36.05,36.15,35.95,36.0,1050000.0,
158,29-08-2018,37.2,37.2,36.0,36.1,2510990.0,
159,30-08-2018,38.2,38.25,37.1,37.2,2950700.0,
160,31-08-2018,38.15,38.25,37.8,38.2,1595260.0,
161,04-09-2018,37.4,38.0,37.3,38.0,1424210.0,
162,05-09-2018,37.0,37.5,36.55,37.4,1248240.0,
163,06-09-2018,36.5,37.1,36.3,37.0,822860.0,
164,07-09-2018,36.65,36.85,36.3,36.5,1175460.0,
165,10-09-2018,37.0,37.2,36.65,36.65,935940.0,
166,11-09-2018,37.1,37.4,36.95,37.15,1228580.0,
167,12-09-2018,37.1,37.5,37.05,37.15,956470.0,
168,13-09-2018,38.6,38.65,37.15,37.15,3510820.0,
169,14-09-2018,38.6,38.95,38.35,38.6,1760330.0,
170,17-09-2018,38.4,38.7,38.3,38.6,1118330.0,
171,18-09-2018,38.25,38.25,37.7,38.0,1235490.0,
172,19-09-2018,38.5,38.6,38.25,38.25,1400510.0,
173,20-09-2018,38.85,38.85,38.3,38.5,1453330.0,
174,21-09-2018,38.85,38.95,38.2,38.9,1531720.0,
175,24-09-2018,39.0,39.3,38.85,38.85,1568970.0,
176,25-09-2018,38.9,39.05,38.75,39.0,1583720.0,
177,26-09-2018,38.6,38.95,38.3,38.9,1776240.0,
178,27-09-2018,38.55,38.85,38.45,38.6,1612480.0,
179,28-09-2018,38.85,38.95,38.5,38.55,1933300.0,
180,01-10-2018,39.4,39.75,38.85,38.85,2572230.0,
181,02-10-2018,39.2,39.5,39.1,39.4,1651980.0,
182,03-10-2018,39.45,39.5,39.1,39.2,1658100.0,
183,04-10-2018,38.75,39.65,38.15,39.5,2438910.0,
184,05-10-2018,38.0,38.85,38.0,38.75,1302170.0,
185,08-10-2018,37.8,38.0,37.0,37.6,1623300.0,
186,09-10-2018,37.7,38.0,37.5,37.8,1567140.0,
187,10-10-2018,37.8,37.9,37.5,37.7,1622700.0,
188,11-10-2018,36.1,37.0,35.3,37.0,1148170.0,
189,12-10-2018,36.5,36.65,35.6,35.8,1451810.0,
190,15-10-2018,35.5,36.55,34.85,36.5,1388600.0,
191,16-10-2018,37.0,37.0,35.1,35.5,1748130.0,
192,17-10-2018,37.15,37.4,37.0,37.0,1543500.0,
193,18-10-2018,36.95,37.15,36.5,37.15,1439970.0,
194,19-10-2018,36.3,36.5,35.8,36.5,1584310.0,
195,22-10-2018,36.5,36.85,36.3,36.3,1527490.0,
196,23-10-2018,36.0,36.5,35.6,36.0,1139000.0,
197,24-10-2018,35.0,36.25,35.0,36.0,2303360.0,
198,25-10-2018,34.3,34.5,34.0,34.0,2373490.0,
199,26-10-2018,34.4,35.15,34.3,34.45,2942910.0,
200,29-10-2018,34.1,34.65,33.5,34.4,1778800.0,
201,30-10-2018,33.2,34.35,33.0,34.1,1712920.0,
202,31-10-2018,32.8,33.45,32.1,33.25,2159860.0,
203,01-11-2018,32.85,33.2,32.75,32.8,1827130.0,
204,02-11-2018,33.5,33.6,32.95,32.95,3382980.0,
205,05-11-2018,33.4,33.6,32.6,33.5,2500890.0,
206,06-11-2018,32.85,33.45,32.8,33.4,1838820.0,
207,07-11-2018,33.2,33.45,32.5,32.5,2098090.0,
208,08-11-2018,33.2,33.6,33.1,33.25,2025730.0,
209,09-11-2018,32.8,33.25,32.7,33.0,1871680.0,
210,12-11-2018,32.0,32.8,31.9,32.8,1842290.0,
211,13-11-2018,30.0,31.6,30.0,31.6,1993330.0,
212,14-11-2018,28.8,30.9,28.5,30.05,1979430.0,
213,15-11-2018,28.0,28.95,27.5,28.95,2278550.0,
214,16-11-2018,29.95,29.95,28.05,28.25,3333630.0,
215,19-11-2018,30.9,31.35,30.2,30.2,2280300.0,
216,20-11-2018,30.45,30.5,30.0,30.4,1090170.0,
217,21-11-2018,30.25,30.25,29.55,29.7,1449600.0,
218,22-11-2018,30.8,31.05,30.05,30.3,1664180.0,
219,23-11-2018,30.3,30.85,30.3,30.8,1370910.0,
220,26-11-2018,30.5,30.6,29.7,30.3,1255750.0,
221,27-11-2018,30.2,30.7,30.0,30.5,1472370.0,
222,28-11-2018,30.35,30.35,30.0,30.2,1560030.0,
223,29-11-2018,30.25,30.9,30.15,30.5,1592500.0,
224,30-11-2018,30.0,30.3,29.65,30.25,1497920.0,
225,03-12-2018,32.0,32.05,30.15,30.2,2937000.0,
226,04-12-2018,31.7,32.25,31.15,32.2,2077930.0,
227,05-12-2018,31.2,31.7,30.7,31.0,1881730.0,
228,06-12-2018,30.5,31.2,30.1,31.2,1717980.0,
229,07-12-2018,30.6,31.0,30.55,30.6,2250550.0,
230,10-12-2018,30.65,30.7,30.3,30.6,2314250.0,
231,11-12-2018,30.2,30.8,30.2,30.65,2216610.0,
232,12-12-2018,30.55,30.8,30.25,30.25,2216500.0,
233,13-12-2018,30.6,30.85,30.4,30.6,2248960.0,
234,14-12-2018,30.2,30.6,30.05,30.5,1580250.0,
235,17-12-2018,29.5,30.2,29.5,30.0,1586390.0,
236,18-12-2018,29.4,29.45,28.8,29.0,2075950.0,
237,19-12-2018,29.0,29.5,28.5,29.45,1481420.0,
238,20-12-2018,29.05,29.15,28.5,28.7,1487030.0,
239,21-12-2018,29.35,29.35,28.6,28.9,1768200.0,
240,24-12-2018,29.0,29.5,28.35,29.4,1750920.0,
241,25-12-2018,28.75,28.8,27.8,28.5,1557180.0,
242,26-12-2018,28.8,29.05,28.55,29.0,1122440.0,
243,27-12-2018,29.5,29.5,29.05,29.3,1242120.0,
244,28-12-2018,30.3,30.3,29.3,29.5,1558390.0,
245,02-01-2019,28.2,30.3,28.2,30.3,723350.0,
246,03-01-2019,28.15,29.0,28.1,28.95,1222860.0,
247,04-01-2019,29.0,29.0,28.0,28.3,1129350.0,
248,07-01-2019,28.9,29.5,28.5,29.0,727640.0,
249,08-01-2019,28.5,28.95,28.0,28.9,1063470.0,
250,09-01-2019,28.9,29.1,28.6,28.6,1246940.0,
251,10-01-2019,29.0,29.1,28.95,28.95,1859370.0,
252,11-01-2019,29.2,29.5,28.95,29.0,2231760.0,
253,14-01-2019,29.1,29.4,28.9,29.2,715340.0,
254,15-01-2019,29.2,29.25,28.95,29.2,717930.0,
255,16-01-2019,29.2,29.2,28.9,29.2,895390.0,
256,17-01-2019,28.9,29.2,28.9,29.2,998480.0,
257,18-01-2019,29.1,29.4,28.9,29.0,1417600.0,
258,21-01-2019,29.65,29.7,29.1,29.15,1233280.0,
259,22-01-2019,30.1,30.35,29.7,29.7,1369310.0,
260,23-01-2019,30.0,30.3,29.95,30.0,850650.0,
261,24-01-2019,29.95,30.15,29.7,30.0,725150.0,
262,25-01-2019,29.95,30.1,29.8,30.0,891440.0,
263,28-01-2019,30.0,30.1,29.8,29.95,876970.0,
264,29-01-2019,30.0,30.05,29.85,30.0,934570.0,
265,30-01-2019,30.0,30.05,29.85,30.0,768110.0,
266,31-01-2019,30.5,30.5,30.1,30.1,762510.0,
267,01-02-2019,30.5,30.6,30.3,30.5,1336610.0,
268,11-02-2019,30.65,30.7,30.4,30.6,1150140.0,
269,12-02-2019,31.1,31.3,30.6,30.65,1889530.0,
270,13-02-2019,31.2,31.5,31.1,31.15,1299260.0,
271,14-02-2019,30.8,31.25,30.6,31.1,944710.0,
272,15-02-2019,30.4,30.8,30.2,30.8,1126100.0,
273,18-02-2019,30.6,30.65,30.15,30.4,1482140.0,
274,19-02-2019,30.0,30.6,29.75,30.6,1535000.0,
275,20-02-2019,29.7,30.0,29.7,30.0,840490.0,
276,21-02-2019,29.8,29.95,29.4,29.7,1427590.0,
277,22-02-2019,30.1,30.5,29.65,29.8,1237000.0,
278,25-02-2019,31.0,31.1,30.2,30.2,1776680.0,
279,26-02-2019,30.65,31.05,30.45,31.0,1122230.0,
280,27-02-2019,30.6,30.75,30.5,30.65,951480.0,
281,28-02-2019,30.0,30.6,30.0,30.6,1478660.0,
282,01-03-2019,30.4,30.45,30.0,30.0,963400.0,
283,04-03-2019,30.4,30.6,30.2,30.4,1085020.0,
284,05-03-2019,30.7,30.85,30.3,30.4,1303000.0,
285,06-03-2019,30.7,31.0,30.5,30.75,1108670.0,
286,07-03-2019,30.7,30.85,30.4,30.7,1620040.0,
287,08-03-2019,30.4,30.6,30.0,30.45,1212760.0,
288,11-03-2019,30.4,30.5,30.1,30.5,626150.0,
289,12-03-2019,30.9,31.0,30.3,30.4,1505510.0,
290,13-03-2019,31.0,31.25,30.9,30.9,2043280.0,
291,14-03-2019,30.9,31.05,30.7,31.0,1310490.0,
292,15-03-2019,31.8,31.95,30.85,30.9,3064820.0,
293,18-03-2019,31.8,32.3,31.65,31.9,1392510.0,
294,19-03-2019,31.9,32.35,31.8,31.8,1696390.0,
295,20-03-2019,31.75,31.9,31.0,31.8,931480.0,
296,21-03-2019,31.0,31.95,30.95,31.75,972860.0,
297,22-03-2019,31.0,31.4,30.8,31.0,1239450.0,
298,25-03-2019,30.3,30.7,30.05,30.3,1271210.0,
299,26-03-2019,30.3,30.65,30.2,30.3,1421400.0,
300,27-03-2019,30.35,30.55,30.05,30.35,1492830.0,
301,28-03-2019,30.15,30.7,30.0,30.2,1479130.0,
302,29-03-2019,30.0,30.2,29.75,30.0,1153030.0,
303,01-04-2019,29.55,30.05,29.5,30.0,1097250.0,
304,02-04-2019,28.8,29.7,28.5,29.6,1518730.0,
305,03-04-2019,28.25,28.55,28.15,28.5,1140200.0,
306,04-04-2019,29.2,29.25,28.5,28.5,1613920.0,
307,05-04-2019,29.25,29.25,28.9,29.1,1364970.0,
308,08-04-2019,28.9,29.15,28.75,29.1,1065960.0,
309,09-04-2019,28.75,29.25,28.45,28.9,1880540.0,
310,10-04-2019,28.1,28.6,28.0,28.55,1714100.0,
311,11-04-2019,27.95,28.3,27.95,28.2,1056670.0,
312,12-04-2019,27.7,28.05,27.5,27.95,1429660.0,
313,16-04-2019,28.6,28.6,27.5,27.65,1465250.0,
314,17-04-2019,28.5,28.85,28.5,28.7,1064030.0,
315,18-04-2019,28.1,28.4,27.9,28.3,1155030.0,
316,19-04-2019,28.1,28.15,27.85,28.1,938990.0,
317,22-04-2019,28.1,28.2,27.7,28.2,1243600.0,
318,23-04-2019,28.25,28.4,27.95,28.2,1394220.0,
319,24-04-2019,28.35,28.4,28.15,28.3,1127760.0,
320,25-04-2019,28.1,28.4,27.75,28.4,1239480.0,
321,26-04-2019,28.1,28.3,28.0,28.25,944690.0,
322,02-05-2019,28.05,28.2,27.8,28.2,1303850.0,
323,03-05-2019,28.0,28.1,27.6,28.05,1351590.0,
324,06-05-2019,27.3,27.85,27.2,27.85,992700.0,
325,07-05-2019,26.1,27.45,26.1,27.3,1855910.0,
326,08-05-2019,26.3,26.3,25.6,26.0,2118830.0,
327,09-05-2019,26.75,26.75,26.05,26.3,1578090.0,
328,10-05-2019,27.2,27.5,26.55,26.8,1642950.0,
329,13-05-2019,27.6,27.6,26.7,27.2,3370690.0,
330,14-05-2019,27.2,27.6,26.8,27.4,1545870.0,
331,15-05-2019,27.6,27.65,26.7,27.0,2499810.0,
332,16-05-2019,27.3,27.65,26.8,27.4,2217020.0,
333,17-05-2019,27.0,27.25,26.75,27.25,1413840.0,
334,20-05-2019,27.15,27.2,26.85,27.15,1315780.0,
335,21-05-2019,27.1,27.25,26.85,27.15,1555260.0,
336,22-05-2019,27.0,27.2,26.85,27.1,665200.0,
337,23-05-2019,26.5,27.05,26.2,27.0,1685350.0,
338,24-05-2019,26.5,26.7,26.25,26.4,883450.0,
339,27-05-2019,26.95,27.0,26.45,26.5,961600.0,
340,28-05-2019,26.9,27.0,26.4,26.9,1003730.0,
341,29-05-2019,26.95,27.05,26.5,26.8,1761010.0,
342,30-05-2019,27.35,27.4,26.8,26.9,2254410.0,
343,31-05-2019,27.3,27.4,26.9,27.25,1768000.0,
344,03-06-2019,26.75,27.25,26.45,27.25,1491650.0,
345,04-06-2019,26.6,26.8,26.3,26.6,1348200.0,
346,05-06-2019,26.9,26.95,26.6,26.65,1688710.0,
347,06-06-2019,26.8,27.0,26.7,26.7,779490.0,
348,07-06-2019,26.9,26.9,26.5,26.75,941190.0,
349,10-06-2019,26.8,27.0,26.45,26.9,1287780.0,
350,11-06-2019,26.75,26.9,26.55,26.6,865430.0,
351,12-06-2019,26.8,26.9,26.55,26.8,1192730.0,
352,13-06-2019,26.6,26.85,26.5,26.7,1028590.0,
353,14-06-2019,26.6,26.9,26.4,26.75,1780120.0,
354,17-06-2019,26.5,26.8,26.35,26.7,1006060.0,
355,18-06-2019,26.0,26.7,25.75,26.55,1248130.0,
356,19-06-2019,26.25,26.4,25.0,26.0,1856260.0,
357,20-06-2019,26.9,26.95,26.4,26.5,1786910.0,
358,21-06-2019,26.6,27.05,26.5,26.9,1912930.0,
359,24-06-2019,26.65,26.8,26.55,26.7,846740.0,
360,25-06-2019,26.7,26.8,26.55,26.6,641150.0,
361,26-06-2019,26.6,26.8,26.45,26.7,1348500.0,
362,27-06-2019,26.55,26.8,26.45,26.6,720990.0,
363,28-06-2019,27.5,27.5,25.9,26.55,1728220.0,
364,01-07-2019,26.9,27.5,26.7,27.5,1206760.0,
365,02-07-2019,26.5,26.85,26.25,26.85,1672670.0,
366,03-07-2019,26.3,26.6,26.15,26.4,1192780.0,
367,04-07-2019,26.5,26.5,26.2,26.5,1596370.0,
368,05-07-2019,26.25,26.65,26.25,26.5,1051800.0,
369,08-07-2019,26.0,26.2,25.85,26.2,1276780.0,
370,09-07-2019,26.15,26.15,25.65,26.0,1465910.0,
371,10-07-2019,25.95,26.1,25.75,26.1,1818100.0,
372,11-07-2019,26.1,26.25,25.95,25.95,1058820.0,
373,12-07-2019,26.15,26.2,25.9,26.1,1058860.0,
374,15-07-2019,26.1,26.25,25.85,26.15,971410.0,
375,16-07-2019,26.05,26.2,26.0,26.05,1018830.0,
376,17-07-2019,26.4,26.4,26.0,26.1,1838690.0,
377,18-07-2019,26.35,26.5,26.0,26.45,1073860.0,
378,19-07-2019,26.4,26.45,26.2,26.35,910900.0,
379,22-07-2019,26.1,26.5,25.95,26.4,775190.0,
380,23-07-2019,26.15,26.15,25.9,26.1,892560.0,
381,24-07-2019,26.1,26.3,25.95,26.2,507930.0,
382,25-07-2019,26.15,26.25,25.8,26.1,1259970.0,
383,26-07-2019,26.05,26.2,25.8,26.1,1269290.0,
384,29-07-2019,26.0,26.1,25.9,26.0,924560.0,
385,30-07-2019,26.0,26.05,25.85,26.05,1082500.0,
386,31-07-2019,25.95,26.1,25.8,26.1,1225140.0,
387,01-08-2019,26.0,26.0,25.85,26.0,1079040.0,
388,02-08-2019,26.05,26.05,25.7,25.9,1994450.0,
389,05-08-2019,25.6,26.05,25.55,26.0,1080940.0,
390,06-08-2019,25.0,25.6,24.45,25.6,2045940.0,
391,07-08-2019,25.0,25.0,24.5,25.0,1645830.0,
392,08-08-2019,25.0,25.0,24.6,25.0,1542970.0,
393,09-08-2019,26.3,26.3,24.95,25.0,3855360.0,
394,12-08-2019,26.15,26.5,25.8,26.45,1252920.0,
395,13-08-2019,26.05,26.1,25.6,26.05,1066250.0,
396,14-08-2019,26.3,26.3,25.7,26.05,1459040.0,
397,15-08-2019,26.35,26.35,25.7,25.75,1724750.0,
398,16-08-2019,26.4,26.5,26.15,26.3,1822580.0,
399,19-08-2019,26.35,26.5,26.2,26.4,623530.0,
400,20-08-2019,26.3,26.35,26.05,26.3,995850.0,
401,21-08-2019,26.5,26.5,26.1,26.25,1292810.0,
402,22-08-2019,26.45,26.45,26.3,26.4,914360.0,
403,23-08-2019,26.4,26.4,26.25,26.4,893370.0,
404,26-08-2019,26.3,26.3,25.8,26.3,1276690.0,
405,27-08-2019,26.5,26.5,26.25,26.3,2423010.0,
406,28-08-2019,26.4,26.5,26.25,26.5,720970.0,
407,29-08-2019,26.25,26.4,25.45,26.35,2307000.0,
408,30-08-2019,26.0,26.35,25.8,26.15,1027180.0,
409,03-09-2019,25.7,25.95,25.6,25.9,1398210.0,
410,04-09-2019,25.55,25.85,25.45,25.65,976200.0,
411,05-09-2019,25.55,25.6,25.25,25.6,909790.0,
412,06-09-2019,25.5,25.6,25.25,25.5,996760.0,
413,09-09-2019,25.5,25.6,25.25,25.55,806820.0,
414,10-09-2019,25.4,25.55,24.85,25.55,1230850.0,
415,11-09-2019,25.4,25.45,24.9,25.4,1300750.0,
416,12-09-2019,25.7,25.75,25.3,25.4,1301200.0,
417,13-09-2019,26.0,26.2,25.55,25.65,1831310.0,
418,16-09-2019,26.3,26.4,25.95,25.95,2225270.0,
419,17-09-2019,26.2,26.3,26.0,26.25,1571630.0,
420,18-09-2019,26.1,26.25,26.05,26.15,905560.0,
421,19-09-2019,26.35,26.45,26.05,26.05,1610140.0,
422,20-09-2019,26.35,26.5,26.3,26.35,1212560.0,
423,23-09-2019,26.4,26.4,26.25,26.35,924710.0,
424,24-09-2019,26.25,26.4,26.1,26.35,1312330.0,
425,25-09-2019,26.45,26.45,26.2,26.25,1218460.0,
426,26-09-2019,26.5,26.6,26.35,26.4,1921770.0,
427,27-09-2019,26.65,26.7,26.4,26.5,2109570.0,
428,30-09-2019,27.7,28.05,26.65,26.65,3492130.0,
429,01-10-2019,28.25,28.4,27.7,27.7,4476330.0,
430,02-10-2019,28.1,28.4,28.05,28.2,2485740.0,
431,03-10-2019,27.8,28.15,27.5,27.95,2394270.0,
432,04-10-2019,27.5,28.05,27.4,27.8,1733690.0,
433,07-10-2019,27.4,27.7,27.3,27.5,1407810.0,
434,08-10-2019,27.6,27.65,27.3,27.4,1646150.0,
435,09-10-2019,27.5,27.65,27.45,27.55,1299340.0,
436,10-10-2019,27.65,27.65,27.4,27.55,1538160.0,
437,11-10-2019,28.0,28.15,27.65,27.7,2265090.0,
438,14-10-2019,28.4,28.4,28.15,28.15,2796220.0,
439,15-10-2019,28.3,28.55,28.15,28.45,1432200.0,
440,16-10-2019,28.2,28.35,28.1,28.3,1068290.0,
441,17-10-2019,27.9,28.2,27.9,28.15,1948760.0,
442,18-10-2019,27.95,28.05,27.8,28.0,1281060.0,
443,21-10-2019,28.0,28.05,27.85,27.9,1170010.0,
444,22-10-2019,27.95,28.25,27.85,28.0,1251450.0,
445,23-10-2019,28.25,28.25,27.8,27.9,2508290.0,
446,24-10-2019,29.2,29.2,28.1,28.2,4608210.0,
447,25-10-2019,28.9,29.25,28.75,29.15,1586170.0,
448,28-10-2019,28.9,29.05,28.65,29.0,1730470.0,
449,29-10-2019,28.8,28.95,28.55,28.8,1446260.0,
450,30-10-2019,28.9,28.95,28.7,28.75,2171950.0,
451,31-10-2019,29.45,29.6,28.9,28.9,4007290.0,
452,01-11-2019,29.3,29.45,28.95,29.35,1528630.0,
453,04-11-2019,29.5,29.5,29.15,29.25,2666690.0,
454,05-11-2019,29.5,29.5,29.25,29.4,1544260.0,
455,06-11-2019,29.1,29.5,29.1,29.5,1981650.0,
456,07-11-2019,29.15,29.25,28.9,29.1,1764160.0,
457,08-11-2019,29.65,29.9,29.25,29.3,4099020.0,
458,11-11-2019,29.6,29.7,29.1,29.6,2449980.0,
459,12-11-2019,29.5,29.6,29.15,29.5,2025350.0,
460,13-11-2019,29.5,29.5,29.15,29.45,2306790.0,
461,14-11-2019,29.0,29.5,29.0,29.4,1800960.0,
462,15-11-2019,28.35,29.05,28.35,29.0,2507740.0,
463,18-11-2019,28.7,29.3,28.3,28.45,3249280.0,
464,19-11-2019,28.8,28.85,28.6,28.75,1798650.0,
465,20-11-2019,28.9,29.05,28.5,28.8,1671860.0,
466,21-11-2019,28.45,28.9,28.45,28.75,1711790.0,
467,22-11-2019,27.8,28.65,27.5,28.5,1596730.0,
468,25-11-2019,27.8,28.05,27.55,27.8,961390.0,
469,26-11-2019,27.8,28.05,27.65,27.9,1420590.0,
470,27-11-2019,27.0,27.9,27.0,27.8,1153210.0,
471,28-11-2019,26.15,27.05,26.0,27.0,1211930.0,
472,29-11-2019,26.5,26.55,26.1,26.15,957640.0,
473,02-12-2019,25.55,26.5,25.55,26.5,954080.0,
474,03-12-2019,25.55,25.8,25.3,25.55,1045380.0,
475,04-12-2019,27.3,27.3,25.6,25.6,2051210.0,
476,05-12-2019,27.9,28.4,27.7,27.75,1719780.0,
477,06-12-2019,27.8,27.95,27.6,27.8,811470.0,
478,09-12-2019,28.0,28.1,27.5,27.75,1648450.0,
479,10-12-2019,27.7,28.1,27.6,28.0,1009950.0,
480,11-12-2019,28.0,28.1,27.5,27.5,1296400.0,
481,12-12-2019,28.0,28.1,27.85,28.0,1185500.0,
482,13-12-2019,27.95,28.1,27.75,28.0,1360290.0,
483,16-12-2019,27.55,27.95,27.5,27.95,1188090.0,
484,17-12-2019,26.95,27.5,26.7,27.2,1362410.0,
485,18-12-2019,26.45,26.95,26.15,26.55,1218070.0,
486,19-12-2019,26.2,26.5,25.95,26.45,1276510.0,
487,20-12-2019,26.2,26.25,26.1,26.2,895980.0,
488,23-12-2019,26.3,26.35,26.1,26.2,1102710.0,
489,24-12-2019,26.8,27.0,26.35,26.35,1607030.0,
490,25-12-2019,26.7,27.0,26.6,26.75,833500.0,
491,26-12-2019,26.5,26.7,26.4,26.6,660670.0,
492,27-12-2019,27.0,27.0,26.45,26.5,2205190.0,
493,30-12-2019,26.9,27.05,26.8,27.0,898050.0,
494,31-12-2019,27.55,27.55,26.8,26.9,2151310.0,
495,02-01-2020,27.8,27.8,27.15,27.5,2142970.0,
496,03-01-2020,27.55,27.75,27.4,27.75,1305640.0,
497,06-01-2020,27.0,27.5,26.8,27.5,1309500.0,
498,07-01-2020,26.7,27.0,26.6,27.0,865630.0,
499,08-01-2020,26.7,26.9,26.15,26.6,1954710.0,
500,09-01-2020,27.5,27.6,26.65,26.7,2024450.0,
501,10-01-2020,28.1,28.4,27.55,27.55,1917360.0,
502,13-01-2020,27.9,28.15,27.65,28.1,866380.0,
503,14-01-2020,28.0,28.15,27.6,27.7,813000.0,
504,15-01-2020,27.75,28.05,27.65,28.0,712440.0,
505,16-01-2020,28.65,28.7,27.7,27.75,2717120.0,
506,17-01-2020,28.55,28.95,28.55,28.7,2061530.0,
507,20-01-2020,28.25,28.55,28.1,28.55,939700.0,
508,21-01-2020,28.95,29.1,28.2,28.25,1656380.0,
509,22-01-2020,29.0,29.05,28.5,28.95,2241630.0,
510,30-01-2020,27.95,28.7,27.95,28.7,1695770.0,
511,31-01-2020,27.0,27.9,26.0,27.85,1891250.0,
512,03-02-2020,27.0,27.45,25.55,26.65,1825080.0,
513,04-02-2020,27.55,27.7,26.85,27.05,1620490.0,
514,05-02-2020,28.4,28.5,27.25,27.55,1330510.0,
515,06-02-2020,29.9,30.0,28.35,28.45,3301040.0,
516,07-02-2020,29.95,30.1,29.6,29.9,1757480.0,
517,10-02-2020,29.5,29.9,29.15,29.85,1230340.0,
518,11-02-2020,29.0,29.6,28.85,29.4,2634890.0,
519,12-02-2020,29.2,29.9,29.05,29.05,1790130.0,
520,13-02-2020,29.2,29.5,29.1,29.25,1237040.0,
521,14-02-2020,28.6,29.55,28.6,29.25,2113640.0,
522,17-02-2020,28.75,28.75,28.55,28.6,2070830.0,
523,18-02-2020,28.65,29.0,28.65,28.7,1079920.0,
524,19-02-2020,28.5,28.65,28.1,28.65,1704650.0,
525,20-02-2020,28.4,28.65,28.3,28.55,1144200.0,
526,21-02-2020,28.4,28.7,28.2,28.35,1193560.0,
527,24-02-2020,27.25,28.05,27.25,28.0,1366630.0,
528,25-02-2020,28.0,28.05,26.95,27.0,1834510.0,
529,26-02-2020,27.7,28.25,27.35,27.7,1200270.0,
530,27-02-2020,28.0,28.1,27.65,27.75,1243660.0,
531,28-02-2020,27.8,27.8,27.2,27.55,1033040.0,
532,02-03-2020,27.7,28.0,27.4,27.7,1320040.0,
533,03-03-2020,27.7,28.3,27.6,28.0,2539510.0,
534,04-03-2020,28.15,28.25,27.7,27.7,1566000.0,
535,05-03-2020,28.0,28.65,27.75,28.25,1184690.0,
536,06-03-2020,28.0,28.0,27.5,27.9,720180.0,
537,09-03-2020,26.05,26.85,26.05,26.8,1611800.0,
538,10-03-2020,25.8,26.65,25.0,25.05,2498670.0,
539,11-03-2020,24.5,26.0,24.0,26.0,1355180.0,
540,12-03-2020,22.8,24.15,22.8,24.15,2178450.0,
541,13-03-2020,23.0,23.45,21.25,21.25,3270420.0,
542,16-03-2020,21.7,23.0,21.4,22.35,2497160.0,
543,17-03-2020,21.2,22.55,20.3,20.6,3084830.0,
544,18-03-2020,21.3,21.95,21.05,21.95,1712110.0,
545,19-03-2020,20.9,21.0,19.85,21.0,2289340.0,
546,20-03-2020,20.9,20.9,19.75,20.7,1539210.0,
547,23-03-2020,19.45,19.6,19.45,19.6,695880.0,
548,24-03-2020,19.0,19.7,18.7,19.45,1649110.0,
549,25-03-2020,19.9,19.9,19.15,19.9,2066330.0,
550,26-03-2020,19.6,19.9,18.9,19.8,3422990.0,
551,27-03-2020,18.25,19.5,18.25,19.5,1966000.0,
552,30-03-2020,17.25,17.5,17.0,17.5,1797420.0,
553,31-03-2020,17.8,18.3,16.1,17.95,1498980.0,
554,01-04-2020,18.95,18.95,17.85,17.9,752190.0,
555,03-04-2020,19.55,19.55,19.0,19.1,1133750.0,
556,06-04-2020,20.5,20.5,19.6,19.6,2020520.0,
557,07-04-2020,20.75,20.9,20.1,20.5,1134650.0,
558,08-04-2020,20.65,20.7,20.05,20.5,1080520.0,
559,09-04-2020,20.65,20.8,20.15,20.65,2083860.0,
560,10-04-2020,20.0,20.5,19.8,20.15,1576090.0,
561,13-04-2020,20.2,20.2,19.35,19.95,1621270.0,
562,14-04-2020,20.0,20.25,19.55,20.25,1069550.0,
563,15-04-2020,20.65,20.65,20.0,20.0,1176120.0,
564,16-04-2020,20.95,21.2,20.4,20.6,1764670.0,
565,17-04-2020,21.5,22.0,21.45,21.7,2464460.0,
566,20-04-2020,21.35,21.95,21.25,21.8,1505740.0,
567,21-04-2020,20.1,21.0,19.95,20.8,2215800.0,
568,22-04-2020,20.8,20.9,19.3,19.5,1488030.0,
569,23-04-2020,20.6,21.2,20.2,21.0,2254760.0,
570,24-04-2020,20.6,20.6,20.05,20.6,2076040.0,
571,27-04-2020,20.5,20.8,20.25,20.4,1764890.0,
572,28-04-2020,20.55,20.7,20.1,20.5,1656080.0,
573,29-04-2020,20.65,20.7,20.45,20.55,2104730.0,
574,04-05-2020,21.55,21.65,20.55,20.65,1813200.0,
575,05-05-2020,21.65,21.7,21.1,21.6,1177050.0,
576,06-05-2020,21.4,21.6,21.15,21.6,393860.0,
577,07-05-2020,21.3,21.8,21.2,21.8,1204160.0,
578,08-05-2020,22.4,22.75,21.3,21.3,2216860.0,
579,11-05-2020,22.55,22.9,22.0,22.4,1469200.0,
580,12-05-2020,22.7,22.9,22.45,22.55,1016600.0,
581,13-05-2020,23.7,23.9,22.2,22.6,2269340.0,
582,14-05-2020,23.0,23.5,23.0,23.2,860840.0,
583,15-05-2020,22.85,23.5,22.55,23.0,561390.0,
584,18-05-2020,23.2,23.2,22.55,22.7,880590.0,
585,19-05-2020,23.55,23.9,23.3,23.7,1318090.0,
586,20-05-2020,23.45,23.55,23.3,23.3,435170.0,
587,21-05-2020,25.05,25.05,23.15,23.15,1123550.0,
588,22-05-2020,23.9,24.5,23.85,24.0,1046640.0,
