,transDate,close,high,low,open,volume,event,date
0,1488301200000,60.699,60.699,60.699,60.699,12030,,2017-02-28 17:00:00
1,1488387600000,64.916,64.916,64.916,64.916,99100,,2017-03-01 17:00:00
2,1488474000000,69.412,69.412,69.412,69.412,190550,,2017-03-02 17:00:00
3,1488560400000,74.244,74.244,69.412,74.244,2750050,,2017-03-03 17:00:00
4,1488819600000,77.224,77.561,74.244,75.313,1155300,,2017-03-06 17:00:00
5,1488906000000,74.47,77.28,73.12,77.224,901520,,2017-03-07 17:00:00
6,1488992400000,73.066,74.47,71.099,73.12,916200,,2017-03-08 17:00:00
7,1489078800000,73.402,73.627,72.334,72.334,635920,,2017-03-09 17:00:00
8,1489165200000,73.627,73.627,72.39,73.402,436480,,2017-03-10 17:00:00
9,1489424400000,73.627,74.132,73.232,73.908,566660,,2017-03-13 17:00:00
10,1489510800000,72.785,73.514,72.785,73.291,410150,,2017-03-14 17:00:00
11,1489597200000,68.287,72.785,68.006,72.503,662540,,2017-03-15 17:00:00
12,1489683600000,65.477,68.569,65.477,68.287,477810,,2017-03-16 17:00:00
13,1489770000000,66.038,68.006,63.51,64.972,496260,,2017-03-17 17:00:00
14,1490029200000,70.648,70.648,66.601,67.444,307470,,2017-03-20 17:00:00
15,1490115600000,70.479,72.952,70.479,70.648,348100,,2017-03-21 17:00:00
16,1490202000000,70.255,70.76,69.356,70.255,380360,,2017-03-22 17:00:00
17,1490288400000,70.818,71.66,70.087,70.255,402040,,2017-03-23 17:00:00
18,1490374800000,71.941,72.446,71.379,71.379,557630,,2017-03-24 17:00:00
19,1490634000000,73.009,73.627,72.222,72.222,454930,,2017-03-27 17:00:00
20,1490720400000,73.571,75.144,73.066,73.627,475680,,2017-03-28 17:00:00
21,1490806800000,74.02,74.132,73.066,74.132,426200,,2017-03-29 17:00:00
22,1490893200000,71.941,74.189,71.941,74.189,363980,,2017-03-30 17:00:00
23,1490979600000,71.997,73.009,71.941,73.009,318710,,2017-03-31 17:00:00
24,1491238800000,70.704,72.785,70.704,71.941,282490,,2017-04-03 17:00:00
25,1491325200000,71.941,73.009,70.873,72.503,459220,,2017-04-04 17:00:00
26,1491411600000,72.334,73.12,71.099,71.547,596140,,2017-04-05 17:00:00
27,1491584400000,72.558,72.615,72.334,72.558,350370,,2017-04-07 17:00:00
28,1491843600000,73.514,73.908,72.446,72.558,765530,,2017-04-10 17:00:00
29,1491930000000,74.078,74.189,73.571,73.627,206460,,2017-04-11 17:00:00
30,1492016400000,75.368,75.649,73.682,73.682,458390,,2017-04-12 17:00:00
31,1492102800000,75.427,75.538,75.202,75.314,278260,,2017-04-13 17:00:00
32,1492189200000,74.863,75.538,73.627,75.481,335130,,2017-04-14 17:00:00
33,1492448400000,74.02,75.202,73.066,73.908,227200,,2017-04-17 17:00:00
34,1492534800000,72.503,74.078,71.941,73.12,263970,,2017-04-18 17:00:00
35,1492621200000,73.853,73.908,71.884,72.503,255600,,2017-04-19 17:00:00
36,1492707600000,73.964,74.078,72.785,73.853,313760,,2017-04-20 17:00:00
37,1492794000000,73.853,74.132,73.459,74.132,218910,,2017-04-21 17:00:00
38,1493053200000,72.728,74.078,72.728,73.853,229020,,2017-04-24 17:00:00
39,1493139600000,71.941,72.728,71.66,72.728,212370,,2017-04-25 17:00:00
40,1493226000000,72.615,72.671,71.941,71.941,204330,,2017-04-26 17:00:00
41,1493312400000,71.997,73.627,71.997,73.627,229050,,2017-04-27 17:00:00
42,1493398800000,71.773,72.728,71.66,72.728,225640,,2017-04-28 17:00:00
43,1493830800000,71.884,72.334,71.715,72.334,244220,,2017-05-03 17:00:00
44,1493917200000,73.066,73.066,71.884,71.884,251660,,2017-05-04 17:00:00
45,1494003600000,72.952,73.177,72.222,73.177,234430,,2017-05-05 17:00:00
46,1494262800000,72.841,73.009,72.503,73.009,244970,,2017-05-08 17:00:00
47,1494349200000,72.954,73.35,72.5,73.067,292990,DIVIDEND,2017-05-09 17:00:00
48,1494435600000,73.917,73.917,72.727,72.954,421080,,2017-05-10 17:00:00
49,1494522000000,73.86,74.085,73.463,73.747,425720,,2017-05-11 17:00:00
50,1494608400000,73.634,74.085,73.35,73.634,329590,,2017-05-12 17:00:00
51,1494867600000,72.784,73.576,72.5,73.067,342370,,2017-05-15 17:00:00
52,1494954000000,72.5,72.784,71.934,72.784,381790,,2017-05-16 17:00:00
53,1495040400000,72.5,72.896,71.594,72.613,361550,,2017-05-17 17:00:00
54,1495126800000,71.934,72.5,71.594,72.5,233910,,2017-05-18 17:00:00
55,1495213200000,72.386,72.386,71.594,71.934,347600,,2017-05-19 17:00:00
56,1495472400000,72.727,73.067,71.65,71.65,239240,,2017-05-22 17:00:00
57,1495558800000,72.386,72.67,71.934,71.934,270840,,2017-05-23 17:00:00
58,1495645200000,71.934,72.386,71.878,72.386,274860,,2017-05-24 17:00:00
59,1495731600000,71.367,71.991,71.14,71.934,291450,,2017-05-25 17:00:00
60,1495818000000,71.819,71.934,71.424,71.424,303420,,2017-05-26 17:00:00
61,1496077200000,72.386,72.386,71.65,71.65,233250,,2017-05-29 17:00:00
62,1496163600000,72.217,72.386,71.934,72.386,232230,,2017-05-30 17:00:00
63,1496250000000,72.386,72.386,72.047,72.16,291420,,2017-05-31 17:00:00
64,1496336400000,73.634,73.634,72.273,72.386,312300,,2017-06-01 17:00:00
65,1496422800000,74.201,75.276,73.973,74.201,510930,,2017-06-02 17:00:00
66,1496682000000,73.634,74.201,73.35,74.201,312740,,2017-06-05 17:00:00
67,1496768400000,73.689,74.201,73.519,73.634,344530,,2017-06-06 17:00:00
68,1496854800000,72.217,73.917,71.934,73.689,426910,,2017-06-07 17:00:00
69,1496941200000,72.444,73.463,72.444,73.35,357620,,2017-06-08 17:00:00
70,1497027600000,71.934,72.896,71.65,72.896,339470,,2017-06-09 17:00:00
71,1497286800000,71.934,72.67,71.536,72.33,245880,,2017-06-12 17:00:00
72,1497373200000,72.273,72.444,71.707,72.444,281730,,2017-06-13 17:00:00
73,1497459600000,71.934,72.444,71.934,72.386,435260,,2017-06-14 17:00:00
74,1497546000000,71.65,72.67,71.65,72.67,283740,,2017-06-15 17:00:00
75,1497632400000,71.934,73.519,71.707,73.519,313250,,2017-06-16 17:00:00
76,1497891600000,71.878,72.5,71.65,72.5,272510,,2017-06-19 17:00:00
77,1497978000000,71.65,71.764,71.367,71.65,379170,,2017-06-20 17:00:00
78,1498064400000,70.857,71.764,70.801,71.764,475110,,2017-06-21 17:00:00
79,1498150800000,70.235,71.085,70.121,70.857,356330,,2017-06-22 17:00:00
80,1498237200000,71.367,71.367,70.348,70.405,372950,,2017-06-23 17:00:00
81,1498496400000,71.367,71.934,71.14,71.594,323890,,2017-06-26 17:00:00
82,1498582800000,70.801,71.367,70.801,71.367,389390,,2017-06-27 17:00:00
83,1498669200000,70.687,71.367,70.574,71.312,319150,,2017-06-28 17:00:00
84,1498755600000,71.536,71.536,70.235,70.687,438090,,2017-06-29 17:00:00
85,1498842000000,71.536,71.878,70.687,71.878,350710,,2017-06-30 17:00:00
86,1499101200000,71.197,71.197,70.631,71.197,454070,,2017-07-03 17:00:00
87,1499187600000,70.745,71.312,70.461,71.312,332550,,2017-07-04 17:00:00
88,1499274000000,70.914,71.367,70.631,71.252,426320,,2017-07-05 17:00:00
89,1499360400000,71.14,71.536,70.914,71.536,336670,,2017-07-06 17:00:00
90,1499446800000,71.14,71.197,70.801,71.197,341050,,2017-07-07 17:00:00
91,1499706000000,71.085,71.252,70.745,71.14,362320,,2017-07-10 17:00:00
92,1499792400000,71.028,71.252,70.519,71.252,357210,,2017-07-11 17:00:00
93,1499878800000,71.312,71.367,71.028,71.367,329150,,2017-07-12 17:00:00
94,1499965200000,71.934,72.5,71.367,72.5,416390,,2017-07-13 17:00:00
95,1500051600000,71.878,71.878,71.65,71.878,347800,,2017-07-14 17:00:00
96,1500310800000,71.934,72.16,71.536,71.934,330980,,2017-07-17 17:00:00
97,1500397200000,72.33,72.444,71.878,71.934,353040,,2017-07-18 17:00:00
98,1500483600000,72.727,73.067,72.33,72.5,419060,,2017-07-19 17:00:00
99,1500570000000,71.934,73.011,71.764,72.841,309660,,2017-07-20 17:00:00
100,1500656400000,70.97,72.386,70.631,71.367,318860,,2017-07-21 17:00:00
101,1500915600000,71.197,71.536,70.29,71.252,286290,,2017-07-24 17:00:00
102,1501002000000,71.367,71.878,70.519,71.764,355920,,2017-07-25 17:00:00
103,1501088400000,71.367,71.367,71.085,71.367,321700,,2017-07-26 17:00:00
104,1501174800000,71.481,71.934,70.97,71.65,332120,,2017-07-27 17:00:00
105,1501261200000,71.537,71.883,71.365,71.365,278820,DIVIDEND,2017-07-28 17:00:00
106,1501520400000,71.596,71.824,70.847,71.537,380240,,2017-07-31 17:00:00
107,1501606800000,71.769,71.824,71.25,71.596,431080,,2017-08-01 17:00:00
108,1501693200000,71.942,72.056,71.365,71.769,286260,,2017-08-02 17:00:00
109,1501779600000,71.942,72.23,71.365,71.942,339110,,2017-08-03 17:00:00
110,1501866000000,71.883,72.171,71.481,71.942,395560,,2017-08-04 17:00:00
111,1502125200000,71.883,72.171,71.423,71.824,307930,,2017-08-07 17:00:00
112,1502211600000,71.769,71.999,71.481,71.481,317700,,2017-08-08 17:00:00
113,1502298000000,71.078,71.824,71.078,71.824,292800,,2017-08-09 17:00:00
114,1502384400000,71.365,71.654,71.078,71.078,305130,,2017-08-10 17:00:00
115,1502470800000,71.423,71.824,71.308,71.365,245250,,2017-08-11 17:00:00
116,1502730000000,71.423,71.824,71.308,71.596,250460,,2017-08-14 17:00:00
117,1502816400000,71.365,71.596,71.193,71.537,284780,,2017-08-15 17:00:00
118,1502902800000,71.193,71.308,70.791,70.791,302220,,2017-08-16 17:00:00
119,1502989200000,70.56,71.193,70.56,71.193,308670,,2017-08-17 17:00:00
120,1503075600000,70.791,70.791,69.927,70.617,303490,,2017-08-18 17:00:00
121,1503334800000,71.078,71.25,70.963,71.25,282290,,2017-08-21 17:00:00
122,1503421200000,71.078,71.308,71.02,71.078,326570,,2017-08-22 17:00:00
123,1503507600000,71.308,71.365,71.078,71.25,419780,,2017-08-23 17:00:00
124,1503594000000,71.596,71.942,71.25,71.365,349560,,2017-08-24 17:00:00
125,1503680400000,71.883,71.999,71.654,71.942,264360,,2017-08-25 17:00:00
126,1503939600000,71.883,71.942,71.654,71.883,243790,,2017-08-28 17:00:00
127,1504026000000,71.654,71.769,69.063,69.063,315850,,2017-08-29 17:00:00
128,1504112400000,71.769,71.942,71.25,71.654,272460,,2017-08-30 17:00:00
129,1504198800000,71.824,71.999,71.537,71.883,378560,,2017-08-31 17:00:00
130,1504285200000,73.265,73.379,72.23,72.23,511500,,2017-09-01 17:00:00
131,1504630800000,75.163,75.913,74.819,75.913,648500,,2017-09-05 17:00:00
132,1504717200000,75.28,75.452,74.992,75.337,363650,,2017-09-06 17:00:00
133,1504803600000,74.992,75.568,74.762,75.337,444640,,2017-09-07 17:00:00
134,1504890000000,74.992,75.28,74.242,75.107,359290,,2017-09-08 17:00:00
135,1505149200000,76.833,77.638,75.049,75.394,758160,,2017-09-11 17:00:00
136,1505235600000,76.833,77.35,76.776,77.122,532340,,2017-09-12 17:00:00
137,1505322000000,77.293,77.35,76.833,77.35,703600,,2017-09-13 17:00:00
138,1505408400000,79.251,79.423,77.581,77.697,927040,,2017-09-14 17:00:00
139,1505494800000,79.251,80.46,79.251,79.999,499750,,2017-09-15 17:00:00
140,1505754000000,78.904,79.883,78.674,79.883,690620,,2017-09-18 17:00:00
141,1505840400000,78.559,78.904,78.445,78.618,591800,,2017-09-19 17:00:00
142,1505926800000,78.904,79.192,78.618,78.848,555060,,2017-09-20 17:00:00
143,1506013200000,78.904,79.711,78.79,79.423,494270,,2017-09-21 17:00:00
144,1506099600000,84.361,84.361,79.365,79.446,1501950,,2017-09-22 17:00:00
145,1506358800000,88.147,89.116,84.602,84.602,1020440,,2017-09-25 17:00:00
146,1506445200000,86.618,88.228,85.972,88.228,626990,,2017-09-26 17:00:00
147,1506531600000,86.214,86.375,84.602,85.811,730420,,2017-09-27 17:00:00
148,1506618000000,86.939,88.147,86.214,86.456,582800,,2017-09-28 17:00:00
149,1506704400000,87.181,88.067,86.618,87.422,661960,,2017-09-29 17:00:00
150,1506963600000,86.698,87.825,85.972,87.422,689450,,2017-10-02 17:00:00
151,1507050000000,84.119,86.778,83.797,85.408,483790,,2017-10-03 17:00:00
152,1507136400000,84.602,85.247,83.797,84.602,760210,,2017-10-04 17:00:00
153,1507222800000,84.925,85.57,84.2,85.005,715080,,2017-10-05 17:00:00
154,1507309200000,84.844,85.086,84.2,84.602,420930,,2017-10-06 17:00:00
155,1507568400000,85.247,86.054,83.958,85.166,872200,,2017-10-09 17:00:00
156,1507654800000,84.602,85.972,84.361,85.972,968770,,2017-10-10 17:00:00
157,1507741200000,84.683,85.005,83.877,84.602,817170,,2017-10-11 17:00:00
158,1507827600000,86.939,87.663,84.119,84.683,1771470,,2017-10-12 17:00:00
159,1507914000000,87.02,87.422,86.858,87.262,549900,,2017-10-13 17:00:00
160,1508173200000,89.517,89.679,87.181,87.342,1313370,,2017-10-16 17:00:00
161,1508259600000,89.438,90.403,89.034,89.438,636220,,2017-10-17 17:00:00
162,1508346000000,89.517,91.291,89.438,90.162,1294640,,2017-10-18 17:00:00
163,1508432400000,89.599,90.484,89.194,89.679,764160,,2017-10-19 17:00:00
164,1508518800000,89.679,90.807,89.276,90.001,756360,,2017-10-20 17:00:00
165,1508778000000,87.825,89.759,87.825,89.679,728700,,2017-10-23 17:00:00
166,1508864400000,87.825,88.39,87.181,87.422,477240,,2017-10-24 17:00:00
167,1508950800000,88.228,88.551,87.1,88.228,564720,,2017-10-25 17:00:00
168,1509037200000,88.228,88.631,87.825,88.39,784480,,2017-10-26 17:00:00
169,1509123600000,91.129,91.129,88.39,88.39,2163450,,2017-10-27 17:00:00
170,1509382800000,92.257,92.74,90.807,91.855,1058430,,2017-10-30 17:00:00
171,1509469200000,90.887,92.257,90.323,91.855,519280,,2017-10-31 17:00:00
172,1509555600000,91.612,91.773,90.243,90.645,869490,,2017-11-01 17:00:00
173,1509642000000,90.081,92.66,89.839,90.887,1135110,,2017-11-02 17:00:00
174,1509728400000,91.371,91.451,89.276,90.081,847640,,2017-11-03 17:00:00
175,1509987600000,91.451,92.257,90.887,91.371,873460,,2017-11-06 17:00:00
176,1510074000000,91.451,91.693,90.887,91.209,871000,,2017-11-07 17:00:00
177,1510160400000,93.627,94.19,91.531,91.531,2318320,,2017-11-08 17:00:00
178,1510246800000,94.433,95.318,93.225,93.225,1522300,,2017-11-09 17:00:00
179,1510333200000,94.996,95.318,94.433,94.996,1195570,,2017-11-10 17:00:00
180,1510592400000,94.352,94.917,93.708,94.674,1404700,,2017-11-13 17:00:00
181,1510678800000,95.077,96.447,93.143,94.111,1860900,,2017-11-14 17:00:00
182,1510765200000,95.077,96.366,95.077,95.882,1014950,,2017-11-15 17:00:00
183,1510851600000,97.092,97.494,95.077,95.077,1114240,,2017-11-16 17:00:00
184,1510938000000,97.092,97.736,95.882,97.092,1129950,,2017-11-17 17:00:00
185,1511197200000,97.333,97.574,96.688,97.252,741040,,2017-11-20 17:00:00
186,1511283600000,99.912,100.314,97.414,97.414,1914190,,2017-11-21 17:00:00
187,1511370000000,101.523,101.845,99.991,99.991,993620,,2017-11-22 17:00:00
188,1511456400000,104.665,105.471,99.912,101.523,1536830,,2017-11-23 17:00:00
189,1511542800000,104.343,105.148,103.135,104.745,1088920,,2017-11-24 17:00:00
190,1511802000000,104.181,104.665,102.892,104.02,1181500,,2017-11-27 17:00:00
191,1511888400000,106.841,106.841,103.779,104.101,1781670,,2017-11-28 17:00:00
192,1511974800000,108.453,109.016,107.244,107.888,1030450,,2017-11-29 17:00:00
193,1512061200000,108.775,111.111,108.775,108.775,1377580,,2017-11-30 17:00:00
194,1512147600000,108.693,109.177,107.566,109.016,1000500,,2017-12-01 17:00:00
195,1512406800000,109.338,109.418,108.453,108.937,897190,,2017-12-04 17:00:00
196,1512493200000,104.745,109.661,104.745,109.177,1657830,,2017-12-05 17:00:00
197,1512579600000,104.745,106.116,100.718,105.148,1451310,,2017-12-06 17:00:00
198,1512666000000,102.328,105.714,101.12,104.745,1308260,,2017-12-07 17:00:00
199,1512752400000,104.181,104.745,102.168,102.892,885970,,2017-12-08 17:00:00
200,1513011600000,106.921,108.291,103.94,103.94,840620,,2017-12-11 17:00:00
201,1513098000000,107.485,108.13,103.537,107.244,947520,,2017-12-12 17:00:00
202,1513184400000,107.888,108.614,107.162,107.727,696280,,2017-12-13 17:00:00
203,1513270800000,107.485,108.13,106.761,107.888,789290,,2017-12-14 17:00:00
204,1513357200000,111.997,111.997,106.761,106.761,1495840,,2017-12-15 17:00:00
205,1513616400000,113.61,114.333,112.24,112.319,1056920,,2017-12-18 17:00:00
206,1513702800000,115.543,115.785,111.997,113.61,1292820,,2017-12-19 17:00:00
207,1513789200000,114.979,115.865,114.012,115.543,880160,,2017-12-20 17:00:00
208,1513875600000,112.642,115.059,112.4,113.61,1071190,,2017-12-21 17:00:00
209,1513962000000,112.158,113.367,110.386,112.642,972310,,2017-12-22 17:00:00
210,1514221200000,113.61,114.737,112.158,112.158,721610,,2017-12-25 17:00:00
211,1514307600000,115.219,115.543,113.61,113.77,977150,,2017-12-26 17:00:00
212,1514394000000,114.817,115.301,114.415,115.219,873650,,2017-12-27 17:00:00
213,1514480400000,116.832,117.073,114.655,114.817,1203930,,2017-12-28 17:00:00
214,1514566800000,118.283,118.686,116.832,116.832,1174600,,2017-12-29 17:00:00
215,1514912400000,118.846,120.377,118.201,118.201,980460,,2018-01-02 17:00:00
216,1514998800000,119.49,119.733,117.96,118.927,1513290,,2018-01-03 17:00:00
217,1515085200000,119.974,120.216,118.686,119.25,920310,,2018-01-04 17:00:00
218,1515171600000,119.974,120.297,119.088,120.055,873240,,2018-01-05 17:00:00
219,1515430800000,119.652,120.135,119.006,119.974,736320,,2018-01-08 17:00:00
220,1515517200000,118.846,119.894,116.832,119.733,1143400,,2018-01-09 17:00:00
221,1515603600000,118.122,119.168,117.799,118.846,714190,,2018-01-10 17:00:00
222,1515690000000,124.003,124.003,118.443,118.524,1699720,,2018-01-11 17:00:00
223,1515776400000,125.292,125.292,122.714,123.761,1191440,,2018-01-12 17:00:00
224,1516035600000,129.643,129.723,124.084,125.292,1292970,,2018-01-15 17:00:00
225,1516122000000,130.127,131.738,129.321,129.643,1099830,,2018-01-16 17:00:00
226,1516208400000,128.917,132.383,127.387,130.288,1155210,,2018-01-17 17:00:00
227,1516294800000,132.061,132.061,126.582,126.582,1298160,,2018-01-18 17:00:00
228,1516381200000,141.246,141.246,132.222,132.302,1812660,,2018-01-19 17:00:00
229,1516640400000,151.131,151.131,142.867,143.271,570120,DIVIDEND,2018-01-22 17:00:00
230,1516899600000,161.667,161.667,161.667,161.667,530560,,2018-01-25 17:00:00
231,1516986000000,153.968,172.931,150.484,172.931,2152820,,2018-01-26 17:00:00
232,1517245200000,153.563,160.451,149.916,153.158,1897530,,2018-01-29 17:00:00
233,1517331600000,158.02,158.02,148.377,153.563,1871290,,2018-01-30 17:00:00
234,1517418000000,156.4,158.425,155.427,158.02,990200,,2018-01-31 17:00:00
235,1517504400000,155.589,156.804,153.968,153.968,971750,,2018-02-01 17:00:00
236,1517590800000,157.615,158.425,152.104,154.778,1489490,,2018-02-02 17:00:00
237,1517850000000,149.916,157.21,149.916,153.158,697110,,2018-02-05 17:00:00
238,1517936400000,139.464,139.464,139.464,139.464,1108080,,2018-02-06 17:00:00
239,1518022800000,149.187,149.187,141.003,141.003,1148220,,2018-02-07 17:00:00
240,1518109200000,149.107,153.968,145.864,149.349,437070,,2018-02-08 17:00:00
241,1518195600000,149.916,149.916,139.787,143.434,741110,,2018-02-09 17:00:00
242,1518454800000,159.559,159.559,150.727,150.727,1243970,,2018-02-12 17:00:00
243,1518541200000,161.261,161.991,158.02,159.641,1883320,,2018-02-13 17:00:00
244,1519232400000,161.261,163.612,161.1,161.424,837950,,2018-02-21 17:00:00
245,1519318800000,158.02,161.261,155.67,161.261,655290,,2018-02-22 17:00:00
246,1519405200000,158.02,158.992,156.156,158.02,748690,,2018-02-23 17:00:00
247,1519664400000,158.102,160.451,157.697,158.182,920690,,2018-02-26 17:00:00
248,1519750800000,162.882,165.071,158.182,158.182,1123280,,2018-02-27 17:00:00
249,1519837200000,162.072,162.882,160.126,162.153,500780,,2018-02-28 17:00:00
250,1519923600000,162.477,165.232,160.046,161.261,639280,,2018-03-01 17:00:00
251,1520010000000,163.693,164.26,160.126,161.667,593610,,2018-03-02 17:00:00
252,1520269200000,164.504,172.606,163.693,163.693,1197870,,2018-03-05 17:00:00
253,1520355600000,170.013,170.013,164.504,165.313,686330,,2018-03-06 17:00:00
254,1520442000000,168.15,170.986,166.934,170.013,459640,,2018-03-07 17:00:00
255,1520528400000,169.365,170.986,166.529,168.475,703940,,2018-03-08 17:00:00
256,1520614800000,169.365,172.201,169.365,169.771,692510,,2018-03-09 17:00:00
257,1520874000000,170.095,171.715,169.365,169.365,544480,,2018-03-12 17:00:00
258,1520960400000,166.934,170.581,162.882,170.095,931120,,2018-03-13 17:00:00
259,1521046800000,167.34,168.96,164.504,167.744,1047430,,2018-03-14 17:00:00
260,1521133200000,166.529,168.554,165.395,167.34,594820,,2018-03-15 17:00:00
261,1521219600000,165.313,167.744,165.232,166.773,796950,,2018-03-16 17:00:00
262,1521478800000,168.15,169.284,165.881,166.529,909580,,2018-03-19 17:00:00
263,1521565200000,166.043,168.554,165.313,167.744,840590,,2018-03-20 17:00:00
264,1521651600000,164.504,166.529,164.504,166.125,916790,,2018-03-21 17:00:00
265,1521738000000,169.284,169.852,165.232,165.232,1005970,,2018-03-22 17:00:00
266,1521824400000,168.879,168.879,164.504,164.504,554530,,2018-03-23 17:00:00
267,1522083600000,176.577,176.658,169.365,169.365,1686310,,2018-03-26 17:00:00
268,1522170000000,179.901,180.468,177.874,178.279,785100,,2018-03-27 17:00:00
269,1522256400000,182.331,182.898,178.684,179.901,630320,,2018-03-28 17:00:00
270,1522342800000,179.901,182.979,179.494,182.331,566610,,2018-03-29 17:00:00
271,1522429200000,181.439,182.737,179.819,179.901,721770,,2018-03-30 17:00:00
272,1522688400000,184.843,185.897,181.683,181.683,620070,,2018-04-02 17:00:00
273,1522774800000,182.331,185.491,179.901,184.843,863160,,2018-04-03 17:00:00
274,1522861200000,179.09,183.951,179.09,182.737,935260,,2018-04-04 17:00:00
275,1522947600000,176.658,180.629,175.848,179.09,916470,,2018-04-05 17:00:00
276,1523034000000,176.658,179.09,174.308,177.064,1138030,,2018-04-06 17:00:00
277,1523293200000,176.658,179.333,174.795,178.279,1170690,,2018-04-09 17:00:00
278,1523379600000,175.848,178.279,174.633,176.983,960130,,2018-04-10 17:00:00
279,1523466000000,172.606,176.658,163.612,176.658,1127450,,2018-04-11 17:00:00
280,1523552400000,170.176,173.417,168.554,171.797,737770,,2018-04-12 17:00:00
281,1523638800000,171.634,173.012,170.581,170.986,597990,,2018-04-13 17:00:00
282,1523898000000,171.634,172.768,170.744,171.797,375480,,2018-04-16 17:00:00
283,1523984400000,170.176,173.012,170.176,171.634,484220,,2018-04-17 17:00:00
284,1524070800000,170.013,171.39,168.96,170.986,603200,,2018-04-18 17:00:00
285,1524157200000,159.641,170.986,159.641,170.176,1016210,,2018-04-19 17:00:00
286,1524243600000,158.587,162.315,157.21,159.641,862320,,2018-04-20 17:00:00
287,1524502800000,159.641,166.852,159.641,160.451,831900,,2018-04-23 17:00:00
288,1524589200000,158.02,161.261,148.539,160.126,1019230,,2018-04-24 17:00:00
289,1524762000000,155.589,159.641,147.242,158.831,854670,,2018-04-26 17:00:00
290,1524848400000,151.537,153.968,148.296,153.968,513380,,2018-04-27 17:00:00
291,1525280400000,145.54,152.347,145.54,151.943,944470,,2018-05-02 17:00:00
292,1525366800000,140.191,145.54,137.68,145.54,598900,,2018-05-03 17:00:00
293,1525453200000,143.434,148.215,141.003,146.675,507250,,2018-05-04 17:00:00
294,1525712400000,148.296,148.296,143.028,145.055,727630,,2018-05-07 17:00:00
295,1525798800000,152.266,153.887,148.458,148.7,667910,,2018-05-08 17:00:00
296,1525885200000,158.214,162.125,151.207,153.163,584740,DIVIDEND,2018-05-09 17:00:00
297,1525971600000,156.503,160.902,153.163,158.865,864480,,2018-05-10 17:00:00
298,1526058000000,154.711,155.688,150.719,155.688,340050,,2018-05-11 17:00:00
299,1526317200000,156.584,157.237,154.385,155.607,567850,,2018-05-14 17:00:00
300,1526403600000,160.495,161.229,157.237,158.051,608830,,2018-05-15 17:00:00
301,1526490000000,158.703,160.414,157.318,160.331,310720,,2018-05-16 17:00:00
302,1526576400000,153.163,158.865,151.289,158.865,576390,,2018-05-17 17:00:00
303,1526662800000,154.793,157.237,142.49,152.348,977940,,2018-05-18 17:00:00
304,1526922000000,149.904,157.237,149.253,156.014,413480,,2018-05-21 17:00:00
305,1527008400000,144.12,149.008,140.535,142.572,592970,,2018-05-22 17:00:00
306,1527094800000,145.016,145.016,140.616,144.12,585560,,2018-05-23 17:00:00
307,1527181200000,139.72,146.564,137.684,145.831,621940,,2018-05-24 17:00:00
308,1527267600000,129.944,139.72,129.944,139.72,813960,,2018-05-25 17:00:00
309,1527526800000,120.901,127.908,120.901,124.649,361800,,2018-05-28 17:00:00
310,1527613200000,123.834,127.908,112.835,112.835,754060,,2018-05-29 17:00:00
311,1527699600000,119.76,123.834,116.746,123.02,439930,,2018-05-30 17:00:00
312,1527786000000,121.227,123.02,119.842,122.204,543160,,2018-05-31 17:00:00
313,1527872400000,129.699,129.699,123.02,123.02,538240,,2018-06-01 17:00:00
314,1528131600000,138.743,138.743,132.796,134.425,374270,,2018-06-04 17:00:00
315,1528218000000,140.943,144.608,138.906,140.943,493730,,2018-06-05 17:00:00
316,1528304400000,142.245,142.245,136.868,138.498,359580,,2018-06-06 17:00:00
317,1528390800000,145.831,147.867,142.245,142.245,718930,,2018-06-07 17:00:00
318,1528477200000,145.831,146.238,144.608,145.912,592360,,2018-06-08 17:00:00
319,1528736400000,149.904,152.348,143.386,145.831,635790,,2018-06-11 17:00:00
320,1528822800000,145.831,149.741,139.965,149.089,622950,,2018-06-12 17:00:00
321,1528909200000,146.401,148.683,145.423,145.831,378700,,2018-06-13 17:00:00
322,1528995600000,142.572,146.238,142.572,142.654,419150,,2018-06-14 17:00:00
323,1529082000000,140.943,143.305,140.128,142.49,451400,,2018-06-15 17:00:00
324,1529341200000,134.425,142.49,131.98,141.756,477110,,2018-06-18 17:00:00
325,1529427600000,130.352,134.425,126.197,134.425,594620,,2018-06-19 17:00:00
326,1529514000000,138.498,138.498,127.908,130.352,808530,,2018-06-20 17:00:00
327,1529600400000,141.024,145.016,134.507,138.498,391470,,2018-06-21 17:00:00
328,1529686800000,142.49,144.201,138.906,141.756,563210,,2018-06-22 17:00:00
329,1529946000000,140.943,143.795,140.209,142.816,349460,,2018-06-25 17:00:00
330,1530032400000,140.861,140.943,137.684,139.313,241050,,2018-06-26 17:00:00
331,1530118800000,138.987,140.861,138.987,140.861,347200,,2018-06-27 17:00:00
332,1530205200000,135.321,139.313,135.24,139.313,475360,,2018-06-28 17:00:00
333,1530291600000,138.628,139.997,136.38,136.868,465340,DIVIDEND,2018-06-29 17:00:00
334,1530550800000,135.891,138.824,135.304,138.628,254710,,2018-07-02 17:00:00
335,1530637200000,130.025,136.575,129.048,135.891,339540,,2018-07-03 17:00:00
336,1530723600000,128.07,130.025,125.137,129.048,394580,,2018-07-04 17:00:00
337,1530810000000,126.603,133.154,123.182,128.558,531600,,2018-07-05 17:00:00
338,1530896400000,129.927,130.514,124.159,127.092,502440,,2018-07-06 17:00:00
339,1531155600000,127.581,131.296,125.92,130.025,413180,,2018-07-09 17:00:00
340,1531242000000,130.514,131.492,126.603,127.776,717010,,2018-07-10 17:00:00
341,1531328400000,127.776,128.95,125.137,128.95,402490,,2018-07-11 17:00:00
342,1531414800000,127.484,128.95,125.137,127.874,352960,,2018-07-12 17:00:00
343,1531501200000,128.07,128.558,125.723,128.07,356980,,2018-07-13 17:00:00
344,1531760400000,129.048,130.808,127.776,129.537,421900,,2018-07-16 17:00:00
345,1531846800000,129.145,129.243,127.386,129.048,393240,,2018-07-17 17:00:00
346,1531933200000,131.492,131.492,130.025,130.514,999370,,2018-07-18 17:00:00
347,1532019600000,136.868,140.192,132.469,132.861,1193840,,2018-07-19 17:00:00
348,1532106000000,128.07,139.703,128.07,137.357,714380,,2018-07-20 17:00:00
349,1532365200000,136.868,136.868,132.958,133.936,824950,,2018-07-23 17:00:00
350,1532451600000,134.522,137.749,131.98,137.357,736570,,2018-07-24 17:00:00
351,1532538000000,132.958,135.891,130.709,134.914,613650,,2018-07-25 17:00:00
352,1532624400000,133.838,134.425,130.416,133.936,743270,,2018-07-26 17:00:00
353,1532710800000,134.425,134.914,132.665,134.914,634770,,2018-07-27 17:00:00
354,1532970000000,141.268,141.268,134.522,134.914,1590960,,2018-07-30 17:00:00
355,1533056400000,141.171,142.245,138.824,139.313,878870,,2018-07-31 17:00:00
356,1533142800000,139.802,141.756,138.237,141.171,594010,,2018-08-01 17:00:00
357,1533229200000,142.735,142.735,137.553,139.802,914610,,2018-08-02 17:00:00
358,1533315600000,144.69,145.667,141.953,143.712,1113820,,2018-08-03 17:00:00
359,1533574800000,144.592,145.178,143.224,144.69,419070,,2018-08-06 17:00:00
360,1533661200000,143.614,144.494,142.93,144.396,496310,,2018-08-07 17:00:00
361,1533747600000,144.201,145.472,143.321,143.712,514700,,2018-08-08 17:00:00
362,1533834000000,146.841,147.525,144.69,144.69,819990,,2018-08-09 17:00:00
363,1533920400000,148.991,149.089,145.667,146.841,640740,,2018-08-10 17:00:00
364,1534179600000,150.555,151.826,148.112,148.991,774760,,2018-08-13 17:00:00
365,1534266000000,150.947,151.533,148.014,150.555,804390,,2018-08-14 17:00:00
366,1534352400000,145.667,151.044,144.69,151.044,682950,,2018-08-15 17:00:00
367,1534438800000,145.57,145.667,140.779,145.667,774200,,2018-08-16 17:00:00
368,1534525200000,147.623,148.502,146.254,146.449,518380,,2018-08-17 17:00:00
369,1534784400000,147.623,148.502,145.667,147.623,521820,,2018-08-20 17:00:00
370,1534870800000,148.6,149.089,147.134,147.623,547170,,2018-08-21 17:00:00
371,1534957200000,148.502,150.555,147.525,149.578,597400,,2018-08-22 17:00:00
372,1535043600000,147.623,149.089,147.134,148.502,643710,,2018-08-23 17:00:00
373,1535130000000,148.405,148.991,147.134,147.818,591390,,2018-08-24 17:00:00
374,1535389200000,149.578,149.773,148.6,149.284,1087390,,2018-08-27 17:00:00
375,1535475600000,151.729,152.315,149.48,149.578,1151770,,2018-08-28 17:00:00
376,1535562000000,151.924,152.511,150.751,152.022,607750,,2018-08-29 17:00:00
377,1535648400000,153.39,153.39,150.751,151.533,1074030,,2018-08-30 17:00:00
378,1535734800000,152.511,154.466,152.022,153.587,1061020,,2018-08-31 17:00:00
379,1536080400000,141.855,153.0,141.855,152.511,524240,,2018-09-04 17:00:00
380,1536166800000,148.199,148.695,145.721,146.216,949760,DIVIDEND,2018-09-05 17:00:00
381,1536253200000,145.721,149.091,143.738,148.199,562370,,2018-09-06 17:00:00
382,1536339600000,146.216,146.91,145.522,145.721,360100,,2018-09-07 17:00:00
383,1536598800000,146.117,146.91,145.721,146.514,320600,,2018-09-10 17:00:00
384,1536685200000,149.19,149.19,146.315,146.315,525660,,2018-09-11 17:00:00
385,1536771600000,148.695,150.181,147.902,149.289,480160,,2018-09-12 17:00:00
386,1536858000000,146.712,148.893,146.712,148.893,403560,,2018-09-13 17:00:00
387,1536944400000,147.703,148.298,146.91,147.108,346600,,2018-09-14 17:00:00
388,1537203600000,145.721,148.199,144.729,147.802,467680,,2018-09-17 17:00:00
389,1537290000000,147.902,147.902,144.531,144.729,808380,,2018-09-18 17:00:00
390,1537376400000,148.1,148.496,147.208,148.199,386640,,2018-09-19 17:00:00
391,1537462800000,148.298,148.496,147.208,148.397,526160,,2018-09-20 17:00:00
392,1537549200000,148.1,149.19,146.712,148.695,466240,,2018-09-21 17:00:00
393,1537808400000,150.776,151.074,148.1,148.199,1029500,,2018-09-24 17:00:00
394,1537894800000,150.776,151.173,149.388,150.875,1011010,,2018-09-25 17:00:00
395,1537981200000,150.875,150.875,149.686,150.677,1188410,,2018-09-26 17:00:00
396,1538067600000,151.272,152.362,149.587,151.173,1222140,,2018-09-27 17:00:00
397,1538154000000,150.181,152.164,149.488,151.272,1157560,,2018-09-28 17:00:00
398,1538413200000,147.208,150.479,146.216,150.281,1238340,,2018-10-01 17:00:00
399,1538499600000,143.738,146.712,142.747,146.712,1375300,,2018-10-02 17:00:00
400,1538586000000,143.54,144.729,143.143,144.531,697070,,2018-10-03 17:00:00
401,1538672400000,142.35,143.738,141.26,143.738,837900,,2018-10-04 17:00:00
402,1538758800000,141.855,142.251,141.161,142.251,604170,,2018-10-05 17:00:00
403,1539018000000,139.376,142.152,139.376,141.855,658020,,2018-10-08 17:00:00
404,1539104400000,141.755,142.053,139.773,139.773,586610,,2018-10-09 17:00:00
405,1539190800000,143.738,143.738,141.954,141.954,748570,,2018-10-10 17:00:00
406,1539277200000,139.575,142.648,133.825,140.764,591640,,2018-10-11 17:00:00
407,1539363600000,139.773,139.773,137.295,139.575,733920,,2018-10-12 17:00:00
408,1539622800000,137.989,140.764,136.799,139.773,367010,,2018-10-15 17:00:00
409,1539709200000,135.808,138.782,135.609,138.187,817220,,2018-10-16 17:00:00
410,1539795600000,137.989,138.088,136.303,136.7,850710,,2018-10-17 17:00:00
411,1539882000000,135.312,138.484,134.816,137.989,653560,,2018-10-18 17:00:00
412,1539968400000,130.851,134.321,130.851,134.321,924610,,2018-10-19 17:00:00
413,1540227600000,127.877,131.843,126.589,131.843,1371200,,2018-10-22 17:00:00
414,1540314000000,125.895,127.976,125.597,127.382,668320,,2018-10-23 17:00:00
415,1540400400000,125.696,126.886,125.003,126.192,454880,,2018-10-24 17:00:00
416,1540486800000,124.903,125.895,120.046,121.93,615660,,2018-10-25 17:00:00
417,1540573200000,123.714,126.886,123.516,126.39,422490,,2018-10-26 17:00:00
418,1540832400000,123.714,124.11,122.425,123.714,474250,,2018-10-29 17:00:00
419,1540918800000,124.903,125.399,123.416,123.813,530390,,2018-10-30 17:00:00
420,1541005200000,132.536,132.536,125.597,125.895,1064990,,2018-10-31 17:00:00
421,1541091600000,132.636,134.42,132.437,133.329,946500,,2018-11-01 17:00:00
422,1541178000000,134.321,134.42,132.834,132.834,840820,,2018-11-02 17:00:00
423,1541437200000,134.42,134.618,133.23,134.321,604090,,2018-11-05 17:00:00
424,1541523600000,132.834,136.303,132.834,134.816,531390,,2018-11-06 17:00:00
425,1541610000000,130.851,134.717,129.166,132.933,639140,,2018-11-07 17:00:00
426,1541696400000,132.14,132.834,131.347,131.545,622400,,2018-11-08 17:00:00
427,1541782800000,129.761,132.834,129.166,132.437,491980,,2018-11-09 17:00:00
428,1542042000000,128.076,129.761,127.778,129.761,457730,,2018-11-12 17:00:00
429,1542128400000,126.886,128.373,126.39,127.877,341190,,2018-11-13 17:00:00
430,1542214800000,126.39,128.769,126.39,127.084,442760,,2018-11-14 17:00:00
431,1542301200000,126.589,128.373,125.696,126.489,532230,,2018-11-15 17:00:00
432,1542387600000,126.787,128.373,125.597,127.283,488140,,2018-11-16 17:00:00
433,1542646800000,127.283,127.877,126.787,127.084,501830,,2018-11-19 17:00:00
434,1542733200000,127.877,129.265,127.283,127.382,528220,,2018-11-20 17:00:00
435,1542819600000,126.886,127.877,126.39,127.877,391290,,2018-11-21 17:00:00
436,1542906000000,126.985,127.481,126.688,126.886,589220,,2018-11-22 17:00:00
437,1542992400000,125.895,127.382,125.796,127.382,334130,,2018-11-23 17:00:00
438,1543251600000,125.895,126.39,125.696,126.093,373680,,2018-11-26 17:00:00
439,1543338000000,125.597,126.886,125.498,126.688,392350,,2018-11-27 17:00:00
440,1543424400000,128.373,128.67,125.696,125.895,888250,,2018-11-28 17:00:00
441,1543510800000,131.347,132.636,129.761,129.86,1147260,,2018-11-29 17:00:00
442,1543597200000,129.86,130.851,128.769,130.356,602920,,2018-11-30 17:00:00
443,1543856400000,130.851,131.347,129.959,130.653,618450,,2018-12-03 17:00:00
444,1543942800000,131.743,132.338,130.554,130.851,517240,,2018-12-04 17:00:00
445,1544029200000,130.256,131.248,130.256,131.248,554870,,2018-12-05 17:00:00
446,1544115600000,130.752,131.843,129.86,129.86,530060,,2018-12-06 17:00:00
447,1544202000000,131.248,132.735,130.752,131.049,588100,,2018-12-07 17:00:00
448,1544461200000,128.769,131.248,128.769,131.248,595660,,2018-12-10 17:00:00
449,1544547600000,127.679,129.86,127.382,128.769,558320,,2018-12-11 17:00:00
450,1544634000000,129.067,129.563,127.778,127.976,560950,,2018-12-12 17:00:00
451,1544720400000,128.373,130.157,128.076,129.364,479680,,2018-12-13 17:00:00
452,1544806800000,126.886,128.769,126.886,128.175,402510,,2018-12-14 17:00:00
453,1545066000000,125.399,127.382,124.408,126.985,462490,,2018-12-17 17:00:00
454,1545152400000,123.813,124.804,122.128,123.912,612150,,2018-12-18 17:00:00
455,1545238800000,123.912,124.507,123.714,123.813,440150,,2018-12-19 17:00:00
456,1545325200000,123.119,124.11,122.921,123.912,403570,,2018-12-20 17:00:00
457,1545411600000,123.119,123.912,121.83,123.119,388100,,2018-12-21 17:00:00
458,1545670800000,123.218,123.516,122.921,123.119,237590,,2018-12-24 17:00:00
459,1545757200000,120.839,121.93,119.947,121.93,372990,,2018-12-25 17:00:00
460,1545843600000,120.938,121.93,118.956,120.938,304700,,2018-12-26 17:00:00
461,1545930000000,118.956,122.326,118.757,121.93,627250,,2018-12-27 17:00:00
462,1546016400000,118.956,120.443,117.27,117.964,594960,,2018-12-28 17:00:00
463,1546448400000,115.982,120.244,114.99,118.956,509920,,2019-01-02 17:00:00
464,1546534800000,115.189,116.477,113.999,115.982,579590,,2019-01-03 17:00:00
465,1546621200000,113.999,115.288,112.314,113.999,882080,,2019-01-04 17:00:00
466,1546880400000,114.99,115.387,112.116,115.288,637590,,2019-01-07 17:00:00
467,1546966800000,113.999,115.288,113.504,115.288,226650,,2019-01-08 17:00:00
468,1547053200000,113.999,114.99,113.603,113.999,554850,,2019-01-09 17:00:00
469,1547139600000,113.999,114.495,113.801,114.495,381340,,2019-01-10 17:00:00
470,1547226000000,115.982,117.37,113.999,113.999,799230,,2019-01-11 17:00:00
471,1547485200000,116.477,117.865,115.783,116.378,487330,,2019-01-14 17:00:00
472,1547571600000,116.18,116.874,115.288,116.577,514390,,2019-01-15 17:00:00
473,1547658000000,114.99,116.279,113.999,115.982,638280,,2019-01-16 17:00:00
474,1547744400000,114.495,114.99,113.504,114.99,614570,,2019-01-17 17:00:00
475,1547830800000,114.197,114.792,113.305,114.693,489080,,2019-01-18 17:00:00
476,1548090000000,114.197,114.594,113.504,113.504,294150,,2019-01-21 17:00:00
477,1548176400000,113.999,114.792,113.801,114.495,351870,,2019-01-22 17:00:00
478,1548262800000,114.495,114.792,113.9,113.999,398030,,2019-01-23 17:00:00
479,1548349200000,116.973,117.37,114.99,114.99,721190,,2019-01-24 17:00:00
480,1548435600000,121.434,121.434,117.37,117.37,778640,,2019-01-25 17:00:00
481,1548694800000,121.434,122.524,120.443,121.731,305350,,2019-01-28 17:00:00
482,1548781200000,120.641,121.83,119.65,121.434,280160,,2019-01-29 17:00:00
483,1548867600000,122.128,122.723,120.641,120.641,646990,,2019-01-30 17:00:00
484,1548954000000,122.425,122.623,121.136,122.128,455960,,2019-01-31 17:00:00
485,1549040400000,123.912,123.912,122.326,122.425,797560,,2019-02-01 17:00:00
486,1549904400000,124.804,125.003,123.912,124.309,359160,,2019-02-11 17:00:00
487,1549990800000,124.804,125.498,123.813,124.903,721400,,2019-02-12 17:00:00
488,1550077200000,123.416,124.507,123.119,124.11,643080,,2019-02-13 17:00:00
489,1550163600000,122.326,123.516,121.93,123.516,473820,,2019-02-14 17:00:00
490,1550250000000,120.244,122.326,119.55,122.326,553820,,2019-02-15 17:00:00
491,1550509200000,119.451,120.443,118.857,120.244,713710,,2019-02-18 17:00:00
492,1550595600000,119.749,121.83,119.451,119.55,902500,,2019-02-19 17:00:00
493,1550682000000,118.757,119.749,117.964,119.749,537530,,2019-02-20 17:00:00
494,1550768400000,117.964,118.658,116.477,118.559,1065070,,2019-02-21 17:00:00
495,1550854800000,120.443,122.029,117.964,117.964,1145220,,2019-02-22 17:00:00
496,1551114000000,123.416,123.416,121.434,121.434,1125900,,2019-02-25 17:00:00
497,1551200400000,122.524,123.912,122.029,123.912,932940,,2019-02-26 17:00:00
498,1551286800000,121.632,122.524,120.938,122.524,1333370,,2019-02-27 17:00:00
499,1551373200000,117.964,122.029,117.964,121.93,1629860,,2019-02-28 17:00:00
500,1551459600000,118.956,118.956,115.982,118.063,1125320,,2019-03-01 17:00:00
501,1551718800000,119.848,120.145,118.658,119.451,990660,,2019-03-04 17:00:00
502,1551805200000,118.956,119.65,118.46,119.55,1074790,,2019-03-05 17:00:00
503,1551891600000,119.947,119.947,118.956,118.956,939310,,2019-03-06 17:00:00
504,1551978000000,120.343,120.542,119.848,119.947,1014890,,2019-03-07 17:00:00
505,1552064400000,119.65,119.947,118.46,119.451,1002300,,2019-03-08 17:00:00
506,1552323600000,120.244,120.542,118.956,119.451,794310,,2019-03-11 17:00:00
507,1552410000000,119.451,120.641,118.857,120.343,1048390,,2019-03-12 17:00:00
508,1552496400000,118.757,119.65,117.469,119.154,1223310,,2019-03-13 17:00:00
509,1552582800000,117.37,118.757,116.775,118.757,1156440,,2019-03-14 17:00:00
510,1552669200000,117.964,118.063,117.27,117.27,598760,,2019-03-15 17:00:00
511,1552928400000,118.757,118.757,117.766,117.964,660300,,2019-03-18 17:00:00
512,1553014800000,118.757,119.055,117.964,118.857,809590,,2019-03-19 17:00:00
513,1553101200000,118.757,118.757,117.072,118.757,592830,,2019-03-20 17:00:00
514,1553187600000,117.469,118.857,117.171,118.757,660960,,2019-03-21 17:00:00
515,1553274000000,117.865,118.063,116.775,117.568,481800,,2019-03-22 17:00:00
516,1553533200000,116.973,117.37,115.883,116.973,815680,,2019-03-25 17:00:00
517,1553619600000,116.973,118.063,116.775,117.37,459670,,2019-03-26 17:00:00
518,1553706000000,117.27,117.469,116.477,116.973,459010,,2019-03-27 17:00:00
519,1553792400000,116.18,117.171,115.486,116.973,620430,,2019-03-28 17:00:00
520,1553878800000,115.486,116.577,114.891,116.378,944370,,2019-03-29 17:00:00
521,1554138000000,113.702,115.783,113.107,115.387,959500,,2019-04-01 17:00:00
522,1554224400000,113.702,114.99,113.504,113.504,504360,,2019-04-02 17:00:00
523,1554310800000,112.909,113.9,111.62,113.702,761320,,2019-04-03 17:00:00
524,1554397200000,112.215,113.702,111.818,113.008,451040,,2019-04-04 17:00:00
525,1554483600000,111.818,112.71,111.422,112.215,522350,,2019-04-05 17:00:00
526,1554742800000,109.538,112.215,109.439,111.818,621740,,2019-04-08 17:00:00
527,1554829200000,111.521,113.008,106.366,109.538,1595160,,2019-04-09 17:00:00
528,1554915600000,111.917,112.215,110.034,112.215,1003980,,2019-04-10 17:00:00
529,1555002000000,112.909,113.999,112.017,112.512,1106190,,2019-04-11 17:00:00
530,1555088400000,112.215,113.008,111.521,112.116,876490,,2019-04-12 17:00:00
531,1555434000000,112.314,112.314,110.728,111.422,619310,,2019-04-16 17:00:00
532,1555520400000,112.512,112.512,111.323,112.413,565610,,2019-04-17 17:00:00
533,1555606800000,113.008,114.99,112.314,112.512,995140,,2019-04-18 17:00:00
534,1555693200000,113.9,114.693,113.603,113.999,568360,,2019-04-19 17:00:00
535,1555952400000,113.9,114.594,113.702,113.999,448080,,2019-04-22 17:00:00
536,1556038800000,114.4,114.6,113.4,114.1,431630,DIVIDEND,2019-04-23 17:00:00
537,1556125200000,114.5,114.5,113.4,114.4,401640,,2019-04-24 17:00:00
538,1556211600000,115.2,115.6,113.9,114.5,670050,,2019-04-25 17:00:00
539,1556298000000,115.9,115.9,114.2,114.5,575360,,2019-04-26 17:00:00
540,1556816400000,118.5,118.5,116.0,116.5,1077940,,2019-05-02 17:00:00
541,1556902800000,118.5,118.6,117.8,118.3,868540,,2019-05-03 17:00:00
542,1557162000000,117.3,117.7,116.4,117.5,846420,,2019-05-06 17:00:00
543,1557248400000,117.0,117.9,116.0,117.5,468670,,2019-05-07 17:00:00
544,1557334800000,115.5,116.5,114.7,116.0,704440,,2019-05-08 17:00:00
545,1557421200000,115.5,115.9,114.6,115.5,545570,,2019-05-09 17:00:00
546,1557507600000,115.4,115.9,114.0,115.5,560410,,2019-05-10 17:00:00
547,1557766800000,116.0,116.0,115.0,115.3,616000,,2019-05-13 17:00:00
548,1557853200000,116.8,116.8,115.7,116.0,653650,,2019-05-14 17:00:00
549,1557939600000,118.0,118.2,117.0,117.0,820490,,2019-05-15 17:00:00
550,1558026000000,118.0,118.8,117.8,118.0,744920,,2019-05-16 17:00:00
551,1558112400000,117.9,118.0,117.0,118.0,631990,,2019-05-17 17:00:00
552,1558371600000,118.3,118.9,117.6,117.9,900890,,2019-05-20 17:00:00
553,1558458000000,118.8,118.9,118.4,118.4,613310,,2019-05-21 17:00:00
554,1558544400000,119.5,120.1,118.5,119.0,707930,,2019-05-22 17:00:00
555,1558630800000,119.4,119.7,118.6,119.5,639060,,2019-05-23 17:00:00
556,1558717200000,119.9,120.4,118.5,118.8,898900,,2019-05-24 17:00:00
557,1558976400000,120.5,121.0,119.9,120.5,423350,,2019-05-27 17:00:00
558,1559062800000,125.0,125.0,120.4,120.5,1298700,,2019-05-28 17:00:00
559,1559149200000,123.5,124.5,122.8,124.5,443520,,2019-05-29 17:00:00
560,1559235600000,124.2,124.2,122.0,123.0,413490,,2019-05-30 17:00:00
561,1559322000000,124.5,125.0,123.6,124.0,714840,,2019-05-31 17:00:00
562,1559581200000,122.0,124.0,121.9,124.0,631510,,2019-06-03 17:00:00
563,1559667600000,121.3,122.6,120.0,122.0,558310,,2019-06-04 17:00:00
564,1559754000000,121.4,121.9,120.8,121.8,530380,,2019-06-05 17:00:00
565,1559840400000,121.4,121.4,119.4,121.3,584270,,2019-06-06 17:00:00
566,1559926800000,122.2,122.2,121.5,121.5,534680,,2019-06-07 17:00:00
567,1560186000000,124.0,124.8,122.5,122.6,644970,,2019-06-10 17:00:00
568,1560272400000,124.0,124.2,122.8,123.6,480010,,2019-06-11 17:00:00
569,1560358800000,123.5,124.1,122.5,124.0,444310,,2019-06-12 17:00:00
570,1560445200000,121.6,123.4,121.1,123.4,455860,,2019-06-13 17:00:00
571,1560531600000,121.7,123.0,121.1,121.1,484660,,2019-06-14 17:00:00
572,1560790800000,119.9,120.4,119.0,119.5,568680,,2019-06-17 17:00:00
573,1560877200000,118.0,120.4,118.0,119.9,358970,,2019-06-18 17:00:00
574,1560963600000,119.5,119.8,118.3,118.3,474540,,2019-06-19 17:00:00
575,1561050000000,123.3,123.5,119.5,119.6,738760,,2019-06-20 17:00:00
576,1561136400000,123.2,123.5,122.4,123.3,559790,,2019-06-21 17:00:00
577,1561395600000,123.5,123.8,123.2,123.2,628250,,2019-06-24 17:00:00
578,1561482000000,123.9,124.5,123.0,123.1,655640,,2019-06-25 17:00:00
579,1561568400000,124.2,124.5,123.8,123.8,690590,,2019-06-26 17:00:00
580,1561654800000,124.5,124.6,124.0,124.2,663660,,2019-06-27 17:00:00
581,1561741200000,128.0,128.0,124.2,124.2,977470,,2019-06-28 17:00:00
582,1562000400000,127.0,127.8,126.0,126.0,780500,,2019-07-01 17:00:00
583,1562086800000,128.5,128.7,126.9,127.1,609150,,2019-07-02 17:00:00
584,1562173200000,128.5,128.6,127.3,128.5,491480,,2019-07-03 17:00:00
585,1562259600000,129.5,129.9,128.1,128.5,559370,,2019-07-04 17:00:00
586,1562346000000,129.5,129.8,129.0,129.5,420080,,2019-07-05 17:00:00
587,1562605200000,128.5,129.1,127.7,129.1,606760,,2019-07-08 17:00:00
588,1562691600000,128.9,128.9,127.7,128.5,629690,,2019-07-09 17:00:00
589,1562778000000,131.5,131.5,129.6,129.7,803320,,2019-07-10 17:00:00
590,1562864400000,131.3,131.5,130.4,131.5,599200,,2019-07-11 17:00:00
591,1562950800000,130.2,131.6,130.2,131.4,604680,,2019-07-12 17:00:00
592,1563210000000,129.5,130.4,129.1,130.0,592580,,2019-07-15 17:00:00
593,1563296400000,131.0,131.0,129.5,129.6,817510,,2019-07-16 17:00:00
594,1563382800000,130.0,131.1,129.5,131.1,597950,,2019-07-17 17:00:00
595,1563469200000,128.5,131.0,128.5,130.1,612200,,2019-07-18 17:00:00
596,1563555600000,130.2,130.3,128.9,129.5,590430,,2019-07-19 17:00:00
597,1563814800000,132.0,135.0,131.0,131.0,511730,,2019-07-22 17:00:00
598,1563901200000,131.9,132.1,131.2,131.2,426150,,2019-07-23 17:00:00
599,1563987600000,132.8,134.0,131.9,131.9,679130,,2019-07-24 17:00:00
600,1564074000000,133.0,133.8,132.7,133.3,771590,,2019-07-25 17:00:00
601,1564160400000,133.0,133.1,132.5,132.5,717200,,2019-07-26 17:00:00
602,1564419600000,133.4,133.7,133.0,133.2,585650,,2019-07-29 17:00:00
603,1564506000000,133.4,133.8,133.4,133.5,492810,,2019-07-30 17:00:00
604,1564592400000,133.4,133.9,132.0,133.4,849980,,2019-07-31 17:00:00
605,1564678800000,133.0,133.4,131.2,132.5,888880,,2019-08-01 17:00:00
606,1564765200000,132.4,132.4,131.5,132.0,752100,,2019-08-02 17:00:00
607,1565024400000,130.7,131.5,130.4,131.5,799780,,2019-08-05 17:00:00
608,1565110800000,130.1,130.1,128.5,129.8,893350,,2019-08-06 17:00:00
609,1565197200000,130.9,131.1,130.3,130.3,533510,,2019-08-07 17:00:00
610,1565283600000,131.1,131.5,130.1,131.1,671470,,2019-08-08 17:00:00
611,1565370000000,131.7,131.7,130.9,131.2,819860,,2019-08-09 17:00:00
612,1565629200000,134.5,134.5,131.9,132.0,801570,,2019-08-12 17:00:00
613,1565715600000,132.5,134.2,132.0,133.8,526150,,2019-08-13 17:00:00
614,1565802000000,131.6,134.0,131.5,132.7,1004290,,2019-08-14 17:00:00
615,1565888400000,130.3,131.4,129.0,130.2,529870,,2019-08-15 17:00:00
616,1565974800000,130.5,130.6,130.0,130.0,636040,,2019-08-16 17:00:00
617,1566234000000,130.5,131.3,130.0,130.5,720980,,2019-08-19 17:00:00
618,1566320400000,130.0,130.5,129.5,130.5,979530,,2019-08-20 17:00:00
619,1566406800000,130.9,130.9,129.6,130.2,853770,,2019-08-21 17:00:00
620,1566493200000,132.2,132.2,130.7,130.9,1047830,,2019-08-22 17:00:00
621,1566579600000,134.0,134.0,132.2,132.3,1709500,,2019-08-23 17:00:00
622,1566838800000,132.0,133.8,131.5,133.8,398470,,2019-08-26 17:00:00
623,1566925200000,132.6,132.6,131.6,132.0,485470,,2019-08-27 17:00:00
624,1567011600000,132.4,132.8,131.6,132.0,390240,,2019-08-28 17:00:00
625,1567098000000,132.0,132.4,131.7,132.4,379870,,2019-08-29 17:00:00
626,1567184400000,132.0,132.0,131.4,131.6,386150,,2019-08-30 17:00:00
627,1567530000000,132.0,132.4,128.6,132.0,674010,,2019-09-03 17:00:00
628,1567616400000,130.4,131.9,130.3,131.5,317510,,2019-09-04 17:00:00
629,1567702800000,130.4,130.7,129.9,130.4,557030,,2019-09-05 17:00:00
630,1567789200000,130.4,130.5,129.0,130.4,350770,,2019-09-06 17:00:00
631,1568048400000,132.8,133.0,130.5,130.6,743950,,2019-09-09 17:00:00
632,1568134800000,133.3,133.5,132.6,133.2,300980,,2019-09-10 17:00:00
633,1568221200000,133.6,133.6,132.2,133.3,552470,,2019-09-11 17:00:00
634,1568307600000,137.0,137.0,133.6,133.7,677330,,2019-09-12 17:00:00
635,1568394000000,138.2,138.7,137.0,137.0,581100,,2019-09-13 17:00:00
636,1568653200000,140.5,140.6,138.2,138.2,918890,,2019-09-16 17:00:00
637,1568739600000,140.3,140.5,139.6,140.0,1660130,,2019-09-17 17:00:00
638,1568826000000,139.7,140.3,137.6,140.3,443680,,2019-09-18 17:00:00
639,1568912400000,139.5,139.9,138.2,139.7,513500,,2019-09-19 17:00:00
640,1568998800000,138.0,139.4,138.0,139.0,3731860,,2019-09-20 17:00:00
641,1569258000000,137.6,138.0,137.4,138.0,319890,,2019-09-23 17:00:00
642,1569344400000,137.6,138.0,137.5,137.5,447380,,2019-09-24 17:00:00
643,1569430800000,136.0,137.7,135.0,137.5,414030,,2019-09-25 17:00:00
644,1569517200000,136.0,136.3,135.3,135.3,325980,,2019-09-26 17:00:00
645,1569603600000,136.6,136.7,135.5,136.1,437980,,2019-09-27 17:00:00
646,1569862800000,137.7,137.8,136.0,136.0,488290,,2019-09-30 17:00:00
647,1569949200000,137.5,137.8,136.8,137.8,340010,,2019-10-01 17:00:00
648,1570035600000,137.6,137.8,137.0,137.5,401000,,2019-10-02 17:00:00
649,1570122000000,137.3,137.4,136.8,137.4,336620,,2019-10-03 17:00:00
650,1570208400000,137.6,138.7,137.1,137.4,710480,,2019-10-04 17:00:00
651,1570467600000,137.4,137.6,136.4,137.6,429440,,2019-10-07 17:00:00
652,1570554000000,137.4,137.8,137.1,137.3,498720,,2019-10-08 17:00:00
653,1570640400000,137.4,137.7,136.8,137.2,528830,,2019-10-09 17:00:00
654,1570726800000,137.5,137.5,136.8,137.5,509370,,2019-10-10 17:00:00
655,1570813200000,139.4,139.5,137.4,137.5,649930,,2019-10-11 17:00:00
656,1571072400000,139.4,140.2,139.4,139.4,489110,,2019-10-14 17:00:00
657,1571158800000,139.6,140.2,139.4,139.4,481300,,2019-10-15 17:00:00
658,1571245200000,139.0,139.7,138.6,139.5,329060,,2019-10-16 17:00:00
659,1571331600000,138.5,139.7,138.4,139.3,458890,,2019-10-17 17:00:00
660,1571418000000,139.1,139.3,138.2,138.5,400630,,2019-10-18 17:00:00
661,1571677200000,140.0,141.3,139.0,139.1,489400,,2019-10-21 17:00:00
662,1571763600000,143.9,143.9,140.3,140.3,451730,,2019-10-22 17:00:00
663,1571850000000,144.0,144.4,143.0,143.9,435740,,2019-10-23 17:00:00
664,1571936400000,144.9,144.9,143.0,143.9,468850,,2019-10-24 17:00:00
665,1572022800000,145.9,146.5,144.0,144.0,458050,,2019-10-25 17:00:00
666,1572282000000,145.0,147.1,145.0,145.9,311800,,2019-10-28 17:00:00
667,1572368400000,143.5,145.4,143.5,144.2,394270,,2019-10-29 17:00:00
668,1572454800000,144.8,145.3,144.0,144.0,707320,,2019-10-30 17:00:00
669,1572541200000,145.0,145.2,144.2,145.0,657640,,2019-10-31 17:00:00
670,1572627600000,145.5,145.5,145.0,145.1,441910,,2019-11-01 17:00:00
671,1572886800000,145.3,145.3,144.3,145.3,374520,,2019-11-04 17:00:00
672,1572973200000,145.7,145.9,145.3,145.3,507500,,2019-11-05 17:00:00
673,1573059600000,143.5,145.5,143.0,145.0,476860,,2019-11-06 17:00:00
674,1573146000000,143.2,143.6,142.4,143.5,400270,,2019-11-07 17:00:00
675,1573232400000,143.2,143.3,143.0,143.2,389400,,2019-11-08 17:00:00
676,1573491600000,142.8,143.5,142.5,143.3,428170,,2019-11-11 17:00:00
677,1573578000000,143.5,143.5,142.6,142.8,394890,,2019-11-12 17:00:00
678,1573664400000,143.5,144.0,143.2,143.6,433120,,2019-11-13 17:00:00
679,1573750800000,143.4,143.8,143.1,143.5,419880,,2019-11-14 17:00:00
680,1573837200000,143.3,143.7,142.9,143.5,495170,,2019-11-15 17:00:00
681,1574096400000,143.5,143.7,142.9,143.3,509230,,2019-11-18 17:00:00
682,1574182800000,144.0,144.0,143.4,143.5,583570,,2019-11-19 17:00:00
683,1574269200000,144.9,145.2,144.2,144.3,581440,,2019-11-20 17:00:00
684,1574355600000,143.4,144.9,143.4,144.5,602750,,2019-11-21 17:00:00
685,1574442000000,143.0,143.6,142.5,143.4,431230,,2019-11-22 17:00:00
686,1574701200000,143.0,143.0,141.6,142.0,393890,,2019-11-25 17:00:00
687,1574787600000,143.3,143.5,143.0,143.0,445370,,2019-11-26 17:00:00
688,1574874000000,143.7,143.8,143.2,143.5,321040,,2019-11-27 17:00:00
689,1574960400000,144.6,144.7,143.8,143.8,501020,,2019-11-28 17:00:00
690,1575046800000,144.9,145.1,144.6,144.6,336450,,2019-11-29 17:00:00
691,1575306000000,146.1,146.2,144.9,145.1,561090,,2019-12-02 17:00:00
692,1575392400000,145.4,145.8,145.0,145.8,492220,,2019-12-03 17:00:00
693,1575478800000,145.5,145.7,145.0,145.4,395960,,2019-12-04 17:00:00
694,1575565200000,145.4,145.9,145.4,145.6,413470,,2019-12-05 17:00:00
695,1575651600000,144.4,145.3,144.1,145.3,385820,,2019-12-06 17:00:00
696,1575910800000,144.5,144.5,143.2,144.3,351930,,2019-12-09 17:00:00
697,1575997200000,143.8,144.5,143.3,144.5,400540,,2019-12-10 17:00:00
698,1576083600000,143.9,144.1,143.4,143.7,405490,,2019-12-11 17:00:00
699,1576170000000,145.2,145.2,143.9,144.0,423230,,2019-12-12 17:00:00
700,1576256400000,144.5,145.4,144.5,145.2,349180,,2019-12-13 17:00:00
701,1576515600000,143.0,144.5,142.8,144.5,409810,,2019-12-16 17:00:00
702,1576602000000,142.6,143.0,142.3,142.9,309620,,2019-12-17 17:00:00
703,1576688400000,142.7,142.7,142.2,142.6,389080,,2019-12-18 17:00:00
704,1576774800000,142.6,143.0,142.3,142.7,452360,,2019-12-19 17:00:00
705,1576861200000,142.5,142.7,142.1,142.6,800200,,2019-12-20 17:00:00
706,1577120400000,142.9,143.8,142.5,142.5,407670,,2019-12-23 17:00:00
707,1577206800000,143.5,143.5,142.8,142.9,358610,,2019-12-24 17:00:00
708,1577293200000,143.8,143.8,143.2,143.4,354830,,2019-12-25 17:00:00
709,1577379600000,143.7,144.0,143.5,143.8,371430,,2019-12-26 17:00:00
710,1577466000000,143.6,143.7,143.4,143.5,360120,,2019-12-27 17:00:00
711,1577725200000,144.4,144.4,143.5,143.6,415840,,2019-12-30 17:00:00
712,1577811600000,146.2,146.3,144.4,144.6,482790,,2019-12-31 17:00:00
713,1577984400000,148.0,148.0,146.3,146.3,419710,,2020-01-02 17:00:00
714,1578070800000,148.0,148.8,147.5,148.0,350790,,2020-01-03 17:00:00
715,1578330000000,146.0,147.8,145.6,147.8,334350,,2020-01-06 17:00:00
716,1578416400000,145.9,146.0,145.5,145.8,360760,,2020-01-07 17:00:00
717,1578502800000,144.8,145.8,144.0,145.7,417200,,2020-01-08 17:00:00
718,1578589200000,146.2,146.2,144.7,144.8,451440,,2020-01-09 17:00:00
719,1578675600000,146.2,146.3,145.3,146.2,483900,,2020-01-10 17:00:00
720,1578934800000,146.5,146.5,145.9,146.2,466570,,2020-01-13 17:00:00
721,1579021200000,146.0,146.5,145.8,146.5,486130,,2020-01-14 17:00:00
722,1579107600000,146.0,146.0,145.3,145.9,422930,,2020-01-15 17:00:00
723,1579194000000,146.0,146.3,145.8,146.0,404540,,2020-01-16 17:00:00
724,1579280400000,148.2,148.4,146.0,146.0,506950,,2020-01-17 17:00:00
725,1579539600000,147.0,148.2,147.0,148.2,341310,,2020-01-20 17:00:00
726,1579626000000,147.0,147.2,146.5,147.0,369200,,2020-01-21 17:00:00
727,1579712400000,146.5,147.0,146.5,147.0,365030,,2020-01-22 17:00:00
728,1580403600000,140.0,145.0,140.0,145.0,565700,,2020-01-30 17:00:00
729,1580490000000,130.2,139.7,130.2,139.7,489090,,2020-01-31 17:00:00
730,1580749200000,125.5,125.5,121.1,121.1,1089690,,2020-02-03 17:00:00
731,1580835600000,129.0,129.8,125.4,125.5,271820,,2020-02-04 17:00:00
732,1580922000000,127.0,129.3,126.8,129.0,477530,,2020-02-05 17:00:00
733,1581008400000,127.5,127.9,126.3,126.8,422850,,2020-02-06 17:00:00
734,1581094800000,131.2,131.9,127.4,127.6,502280,,2020-02-07 17:00:00
735,1581354000000,129.0,131.0,128.8,131.0,269590,,2020-02-10 17:00:00
736,1581440400000,129.0,129.1,128.3,129.0,345280,,2020-02-11 17:00:00
737,1581526800000,129.2,129.2,128.4,129.1,372700,,2020-02-12 17:00:00
738,1581613200000,129.2,129.2,128.4,128.9,362740,,2020-02-13 17:00:00
739,1581699600000,128.6,129.2,128.4,129.2,280880,,2020-02-14 17:00:00
740,1581958800000,128.7,128.9,128.5,128.5,324750,,2020-02-17 17:00:00
741,1582045200000,128.7,128.8,128.4,128.8,347240,,2020-02-18 17:00:00
742,1582131600000,128.4,128.7,128.3,128.7,377580,,2020-02-19 17:00:00
743,1582218000000,128.5,128.7,128.0,128.4,257700,,2020-02-20 17:00:00
744,1582304400000,128.6,128.8,128.4,128.5,371740,,2020-02-21 17:00:00
745,1582563600000,128.0,128.5,127.3,128.4,306570,,2020-02-24 17:00:00
746,1582650000000,127.0,127.8,125.2,127.8,247200,,2020-02-25 17:00:00
747,1582736400000,125.0,125.6,124.8,125.5,388100,,2020-02-26 17:00:00
748,1582822800000,122.8,125.0,122.7,125.0,243980,,2020-02-27 17:00:00
749,1582909200000,121.9,122.7,121.8,122.0,305420,,2020-02-28 17:00:00
750,1583168400000,120.8,121.0,119.4,121.0,339750,,2020-03-02 17:00:00
751,1583254800000,120.8,121.9,120.3,120.5,335300,,2020-03-03 17:00:00
752,1583341200000,121.3,128.7,119.9,120.8,401940,,2020-03-04 17:00:00
753,1583427600000,123.0,123.9,121.4,121.5,413440,,2020-03-05 17:00:00
754,1583514000000,120.5,122.9,119.9,122.9,299570,,2020-03-06 17:00:00
755,1583773200000,113.5,119.0,112.1,119.0,340670,,2020-03-09 17:00:00
756,1583859600000,114.5,114.5,107.8,109.0,346960,,2020-03-10 17:00:00
757,1583946000000,106.5,114.5,106.5,114.5,683340,,2020-03-11 17:00:00
758,1584032400000,101.0,106.0,99.1,105.5,791610,,2020-03-12 17:00:00
759,1584118800000,101.0,101.0,94.0,99.5,488260,,2020-03-13 17:00:00
760,1584378000000,100.0,100.0,96.0,99.3,397240,,2020-03-16 17:00:00
761,1584464400000,101.7,101.7,97.7,98.0,439950,,2020-03-17 17:00:00
762,1584550800000,101.4,102.0,98.0,101.7,383680,,2020-03-18 17:00:00
763,1584637200000,98.0,100.0,95.1,99.2,540170,,2020-03-19 17:00:00
764,1584723600000,103.0,103.0,97.4,98.0,467800,,2020-03-20 17:00:00
765,1584982800000,95.8,100.0,95.8,100.0,400260,,2020-03-23 17:00:00
766,1585069200000,96.5,98.0,94.6,94.8,331440,,2020-03-24 17:00:00
767,1585155600000,97.1,99.5,96.6,98.0,310640,,2020-03-25 17:00:00
768,1585242000000,97.0,97.1,94.6,97.1,208360,,2020-03-26 17:00:00
769,1585328400000,96.9,96.9,94.2,96.5,222210,,2020-03-27 17:00:00
770,1585587600000,96.5,96.5,93.2,94.0,131550,,2020-03-30 17:00:00
771,1585674000000,97.2,98.9,96.0,96.5,153980,,2020-03-31 17:00:00
772,1585760400000,99.2,99.2,97.0,97.2,250950,,2020-04-01 17:00:00
773,1585933200000,99.9,101.4,99.0,99.2,377340,,2020-04-03 17:00:00
774,1586192400000,99.9,100.2,99.0,99.9,466290,,2020-04-06 17:00:00
775,1586278800000,99.0,100.0,97.2,100.0,264000,,2020-04-07 17:00:00
776,1586365200000,99.0,99.0,97.5,98.5,272420,,2020-04-08 17:00:00
777,1586451600000,102.0,103.0,98.6,99.0,359760,,2020-04-09 17:00:00
778,1586538000000,109.1,109.1,102.0,102.0,268880,,2020-04-10 17:00:00
779,1586797200000,115.7,116.7,112.0,113.0,241950,,2020-04-13 17:00:00
780,1586883600000,112.8,114.5,109.5,114.5,300930,,2020-04-14 17:00:00
781,1586970000000,110.8,112.2,106.0,111.8,244450,,2020-04-15 17:00:00
782,1587056400000,116.0,116.0,110.6,111.0,304040,,2020-04-16 17:00:00
783,1587142800000,117.4,118.0,116.0,116.0,391890,,2020-04-17 17:00:00
784,1587402000000,117.2,117.6,116.5,117.6,380240,,2020-04-20 17:00:00
785,1587488400000,115.0,116.5,113.0,116.5,270040,,2020-04-21 17:00:00
786,1587574800000,115.1,115.5,113.8,114.7,422410,,2020-04-22 17:00:00
787,1587661200000,116.4,117.3,115.5,115.5,417880,,2020-04-23 17:00:00
788,1587747600000,115.2,116.5,114.7,116.5,220300,,2020-04-24 17:00:00
789,1588006800000,113.5,115.2,113.0,115.2,279920,,2020-04-27 17:00:00
790,1588093200000,112.9,113.5,112.2,113.0,211570,,2020-04-28 17:00:00
791,1588179600000,115.5,116.5,112.1,112.9,500000,,2020-04-29 17:00:00
792,1588611600000,114.3,116.0,113.9,115.5,265270,,2020-05-04 17:00:00
793,1588698000000,111.5,114.3,111.2,114.2,257530,,2020-05-05 17:00:00
794,1588784400000,112.1,112.5,111.7,111.8,411930,,2020-05-06 17:00:00
795,1588870800000,115.2,115.2,112.2,112.2,413820,,2020-05-07 17:00:00
796,1588957200000,120.0,123.2,115.1,115.2,922100,,2020-05-08 17:00:00
797,1589216400000,118.6,119.3,117.6,119.3,404180,,2020-05-11 17:00:00
798,1589302800000,117.4,118.6,116.6,118.6,448580,,2020-05-12 17:00:00
799,1589389200000,114.9,117.0,109.2,117.0,709770,,2020-05-13 17:00:00
800,1589475600000,114.0,114.8,112.8,114.8,529830,,2020-05-14 17:00:00
801,1589562000000,114.0,114.5,113.8,114.0,396390,,2020-05-15 17:00:00
802,1589821200000,114.0,114.2,113.1,114.0,403230,,2020-05-18 17:00:00
803,1589907600000,114.9,116.0,114.5,115.0,565860,,2020-05-19 17:00:00
804,1589994000000,113.7,114.5,113.5,114.5,290200,,2020-05-20 17:00:00
805,1590080400000,115.0,115.0,113.6,113.7,452160,,2020-05-21 17:00:00
806,1590166800000,114.0,114.8,113.0,114.8,397860,,2020-05-22 17:00:00
